[{"fields": {"codename": "add_permission", "name": "Can add permission", "content_type": 1}, "model": "auth.permission", "pk": 1}, {"fields": {"codename": "change_permission", "name": "Can change permission", "content_type": 1}, "model": "auth.permission", "pk": 2}, {"fields": {"codename": "delete_permission", "name": "Can delete permission", "content_type": 1}, "model": "auth.permission", "pk": 3}, {"fields": {"codename": "add_group", "name": "Can add group", "content_type": 2}, "model": "auth.permission", "pk": 4}, {"fields": {"codename": "change_group", "name": "Can change group", "content_type": 2}, "model": "auth.permission", "pk": 5}, {"fields": {"codename": "delete_group", "name": "Can delete group", "content_type": 2}, "model": "auth.permission", "pk": 6}, {"fields": {"codename": "add_contenttype", "name": "Can add content type", "content_type": 3}, "model": "auth.permission", "pk": 7}, {"fields": {"codename": "change_contenttype", "name": "Can change content type", "content_type": 3}, "model": "auth.permission", "pk": 8}, {"fields": {"codename": "delete_contenttype", "name": "Can delete content type", "content_type": 3}, "model": "auth.permission", "pk": 9}, {"fields": {"codename": "add_session", "name": "Can add session", "content_type": 4}, "model": "auth.permission", "pk": 10}, {"fields": {"codename": "change_session", "name": "Can change session", "content_type": 4}, "model": "auth.permission", "pk": 11}, {"fields": {"codename": "delete_session", "name": "Can delete session", "content_type": 4}, "model": "auth.permission", "pk": 12}, {"fields": {"codename": "add_site", "name": "Can add site", "content_type": 5}, "model": "auth.permission", "pk": 13}, {"fields": {"codename": "change_site", "name": "Can change site", "content_type": 5}, "model": "auth.permission", "pk": 14}, {"fields": {"codename": "delete_site", "name": "Can delete site", "content_type": 5}, "model": "auth.permission", "pk": 15}, {"fields": {"codename": "add_userdashboardmodule", "name": "Can add user dashboard module", "content_type": 6}, "model": "auth.permission", "pk": 16}, {"fields": {"codename": "change_userdashboardmodule", "name": "Can change user dashboard module", "content_type": 6}, "model": "auth.permission", "pk": 17}, {"fields": {"codename": "delete_userdashboardmodule", "name": "Can delete user dashboard module", "content_type": 6}, "model": "auth.permission", "pk": 18}, {"fields": {"codename": "add_bookmark", "name": "Can add bookmark", "content_type": 7}, "model": "auth.permission", "pk": 19}, {"fields": {"codename": "change_bookmark", "name": "Can change bookmark", "content_type": 7}, "model": "auth.permission", "pk": 20}, {"fields": {"codename": "delete_bookmark", "name": "Can delete bookmark", "content_type": 7}, "model": "auth.permission", "pk": 21}, {"fields": {"codename": "add_pinnedapplication", "name": "Can add pinned application", "content_type": 8}, "model": "auth.permission", "pk": 22}, {"fields": {"codename": "change_pinnedapplication", "name": "Can change pinned application", "content_type": 8}, "model": "auth.permission", "pk": 23}, {"fields": {"codename": "delete_pinnedapplication", "name": "Can delete pinned application", "content_type": 8}, "model": "auth.permission", "pk": 24}, {"fields": {"codename": "add_logentry", "name": "Can add log entry", "content_type": 9}, "model": "auth.permission", "pk": 25}, {"fields": {"codename": "change_logentry", "name": "Can change log entry", "content_type": 9}, "model": "auth.permission", "pk": 26}, {"fields": {"codename": "delete_logentry", "name": "Can delete log entry", "content_type": 9}, "model": "auth.permission", "pk": 27}, {"fields": {"codename": "add_token", "name": "Can add token", "content_type": 10}, "model": "auth.permission", "pk": 28}, {"fields": {"codename": "change_token", "name": "Can change token", "content_type": 10}, "model": "auth.permission", "pk": 29}, {"fields": {"codename": "delete_token", "name": "Can delete token", "content_type": 10}, "model": "auth.permission", "pk": 30}, {"fields": {"codename": "add_emailaddress", "name": "Can add email address", "content_type": 11}, "model": "auth.permission", "pk": 31}, {"fields": {"codename": "change_emailaddress", "name": "Can change email address", "content_type": 11}, "model": "auth.permission", "pk": 32}, {"fields": {"codename": "delete_emailaddress", "name": "Can delete email address", "content_type": 11}, "model": "auth.permission", "pk": 33}, {"fields": {"codename": "add_emailconfirmation", "name": "Can add email confirmation", "content_type": 12}, "model": "auth.permission", "pk": 34}, {"fields": {"codename": "change_emailconfirmation", "name": "Can change email confirmation", "content_type": 12}, "model": "auth.permission", "pk": 35}, {"fields": {"codename": "delete_emailconfirmation", "name": "Can delete email confirmation", "content_type": 12}, "model": "auth.permission", "pk": 36}, {"fields": {"codename": "add_socialapp", "name": "Can add social application", "content_type": 13}, "model": "auth.permission", "pk": 37}, {"fields": {"codename": "change_socialapp", "name": "Can change social application", "content_type": 13}, "model": "auth.permission", "pk": 38}, {"fields": {"codename": "delete_socialapp", "name": "Can delete social application", "content_type": 13}, "model": "auth.permission", "pk": 39}, {"fields": {"codename": "add_socialaccount", "name": "Can add social account", "content_type": 14}, "model": "auth.permission", "pk": 40}, {"fields": {"codename": "change_socialaccount", "name": "Can change social account", "content_type": 14}, "model": "auth.permission", "pk": 41}, {"fields": {"codename": "delete_socialaccount", "name": "Can delete social account", "content_type": 14}, "model": "auth.permission", "pk": 42}, {"fields": {"codename": "add_socialtoken", "name": "Can add social application token", "content_type": 15}, "model": "auth.permission", "pk": 43}, {"fields": {"codename": "change_socialtoken", "name": "Can change social application token", "content_type": 15}, "model": "auth.permission", "pk": 44}, {"fields": {"codename": "delete_socialtoken", "name": "Can delete social application token", "content_type": 15}, "model": "auth.permission", "pk": 45}, {"fields": {"codename": "add_user", "name": "Can add user", "content_type": 16}, "model": "auth.permission", "pk": 46}, {"fields": {"codename": "change_user", "name": "Can change user", "content_type": 16}, "model": "auth.permission", "pk": 47}, {"fields": {"codename": "delete_user", "name": "Can delete user", "content_type": 16}, "model": "auth.permission", "pk": 48}, {"fields": {"codename": "add_userprofile", "name": "Can add user profile", "content_type": 17}, "model": "auth.permission", "pk": 49}, {"fields": {"codename": "change_userprofile", "name": "Can change user profile", "content_type": 17}, "model": "auth.permission", "pk": 50}, {"fields": {"codename": "delete_userprofile", "name": "Can delete user profile", "content_type": 17}, "model": "auth.permission", "pk": 51}, {"fields": {"codename": "add_email", "name": "Can add email", "content_type": 18}, "model": "auth.permission", "pk": 52}, {"fields": {"codename": "change_email", "name": "Can change email", "content_type": 18}, "model": "auth.permission", "pk": 53}, {"fields": {"codename": "delete_email", "name": "Can delete email", "content_type": 18}, "model": "auth.permission", "pk": 54}, {"fields": {"codename": "add_traveldestination", "name": "Can add Lokasi Wisata", "content_type": 19}, "model": "auth.permission", "pk": 55}, {"fields": {"codename": "change_traveldestination", "name": "Can change Lokasi Wisata", "content_type": 19}, "model": "auth.permission", "pk": 56}, {"fields": {"codename": "delete_traveldestination", "name": "Can delete Lokasi Wisata", "content_type": 19}, "model": "auth.permission", "pk": 57}, {"fields": {"codename": "add_traveldestinationcontent", "name": "Can add Konten Lokasi Wisata", "content_type": 20}, "model": "auth.permission", "pk": 58}, {"fields": {"codename": "change_traveldestinationcontent", "name": "Can change Konten Lokasi Wisata", "content_type": 20}, "model": "auth.permission", "pk": 59}, {"fields": {"codename": "delete_traveldestinationcontent", "name": "Can delete Konten Lokasi Wisata", "content_type": 20}, "model": "auth.permission", "pk": 60}, {"fields": {"codename": "add_visit", "name": "Can add Kunjungan", "content_type": 21}, "model": "auth.permission", "pk": 61}, {"fields": {"codename": "change_visit", "name": "Can change Kunjungan", "content_type": 21}, "model": "auth.permission", "pk": 62}, {"fields": {"codename": "delete_visit", "name": "Can delete Kunjungan", "content_type": 21}, "model": "auth.permission", "pk": 63}, {"fields": {"codename": "add_report", "name": "Can add Komplain pengunjung", "content_type": 22}, "model": "auth.permission", "pk": 64}, {"fields": {"codename": "change_report", "name": "Can change Komplain pengunjung", "content_type": 22}, "model": "auth.permission", "pk": 65}, {"fields": {"codename": "delete_report", "name": "Can delete Komplain pengunjung", "content_type": 22}, "model": "auth.permission", "pk": 66}, {"fields": {"codename": "add_location", "name": "Can add location", "content_type": 23}, "model": "auth.permission", "pk": 67}, {"fields": {"codename": "change_location", "name": "Can change location", "content_type": 23}, "model": "auth.permission", "pk": 68}, {"fields": {"codename": "delete_location", "name": "Can delete location", "content_type": 23}, "model": "auth.permission", "pk": 69}, {"fields": {"codename": "add_region", "name": "Can add Wilayah", "content_type": 24}, "model": "auth.permission", "pk": 70}, {"fields": {"codename": "change_region", "name": "Can change Wilayah", "content_type": 24}, "model": "auth.permission", "pk": 71}, {"fields": {"codename": "delete_region", "name": "Can delete Wilayah", "content_type": 24}, "model": "auth.permission", "pk": 72}, {"fields": {"codename": "add_province", "name": "Can add Provinsi", "content_type": 25}, "model": "auth.permission", "pk": 73}, {"fields": {"codename": "change_province", "name": "Can change Provinsi", "content_type": 25}, "model": "auth.permission", "pk": 74}, {"fields": {"codename": "delete_province", "name": "Can delete Provinsi", "content_type": 25}, "model": "auth.permission", "pk": 75}, {"fields": {"codename": "add_district", "name": "Can add Kabupaten", "content_type": 26}, "model": "auth.permission", "pk": 76}, {"fields": {"codename": "change_district", "name": "Can change Kabupaten", "content_type": 26}, "model": "auth.permission", "pk": 77}, {"fields": {"codename": "delete_district", "name": "Can delete Kabupaten", "content_type": 26}, "model": "auth.permission", "pk": 78}, {"fields": {"codename": "add_image", "name": "Can add Foto dan Gambar", "content_type": 27}, "model": "auth.permission", "pk": 79}, {"fields": {"codename": "change_image", "name": "Can change Foto dan Gambar", "content_type": 27}, "model": "auth.permission", "pk": 80}, {"fields": {"codename": "delete_image", "name": "Can delete Foto dan Gambar", "content_type": 27}, "model": "auth.permission", "pk": 81}, {"fields": {"codename": "add_reportimage", "name": "Can add Foto Komplain", "content_type": 28}, "model": "auth.permission", "pk": 82}, {"fields": {"codename": "change_reportimage", "name": "Can change Foto Komplain", "content_type": 28}, "model": "auth.permission", "pk": 83}, {"fields": {"codename": "delete_reportimage", "name": "Can delete Foto Komplain", "content_type": 28}, "model": "auth.permission", "pk": 84}, {"fields": {"codename": "add_traveldestinationimage", "name": "Can add Foto Lokasi Wisata", "content_type": 29}, "model": "auth.permission", "pk": 85}, {"fields": {"codename": "change_traveldestinationimage", "name": "Can change Foto Lokasi Wisata", "content_type": 29}, "model": "auth.permission", "pk": 86}, {"fields": {"codename": "delete_traveldestinationimage", "name": "Can delete Foto Lokasi Wisata", "content_type": 29}, "model": "auth.permission", "pk": 87}, {"fields": {"codename": "add_articleimage", "name": "Can add Foto Artikel", "content_type": 30}, "model": "auth.permission", "pk": 88}, {"fields": {"codename": "change_articleimage", "name": "Can change Foto Artikel", "content_type": 30}, "model": "auth.permission", "pk": 89}, {"fields": {"codename": "delete_articleimage", "name": "Can delete Foto Artikel", "content_type": 30}, "model": "auth.permission", "pk": 90}, {"fields": {"codename": "add_page", "name": "Can add Pengaturan", "content_type": 31}, "model": "auth.permission", "pk": 91}, {"fields": {"codename": "change_page", "name": "Can change Pengaturan", "content_type": 31}, "model": "auth.permission", "pk": 92}, {"fields": {"codename": "delete_page", "name": "Can delete Pengaturan", "content_type": 31}, "model": "auth.permission", "pk": 93}, {"fields": {"codename": "add_featuredtraveldestination", "name": "Can add featured travel destination", "content_type": 32}, "model": "auth.permission", "pk": 94}, {"fields": {"codename": "change_featuredtraveldestination", "name": "Can change featured travel destination", "content_type": 32}, "model": "auth.permission", "pk": 95}, {"fields": {"codename": "delete_featuredtraveldestination", "name": "Can delete featured travel destination", "content_type": 32}, "model": "auth.permission", "pk": 96}, {"fields": {"codename": "add_homelink", "name": "Can add Tautan Halaman Depan", "content_type": 33}, "model": "auth.permission", "pk": 97}, {"fields": {"codename": "change_homelink", "name": "Can change Tautan Halaman Depan", "content_type": 33}, "model": "auth.permission", "pk": 98}, {"fields": {"codename": "delete_homelink", "name": "Can delete Tautan Halaman Depan", "content_type": 33}, "model": "auth.permission", "pk": 99}, {"fields": {"codename": "add_article", "name": "Can add Artikel", "content_type": 34}, "model": "auth.permission", "pk": 100}, {"fields": {"codename": "change_article", "name": "Can change Artikel", "content_type": 34}, "model": "auth.permission", "pk": 101}, {"fields": {"codename": "delete_article", "name": "Can delete Artikel", "content_type": 34}, "model": "auth.permission", "pk": 102}, {"fields": {"codename": "add_transportation", "name": "Can add Metoda Transportasi", "content_type": 35}, "model": "auth.permission", "pk": 103}, {"fields": {"codename": "change_transportation", "name": "Can change Metoda Transportasi", "content_type": 35}, "model": "auth.permission", "pk": 104}, {"fields": {"codename": "delete_transportation", "name": "Can delete Metoda Transportasi", "content_type": 35}, "model": "auth.permission", "pk": 105}, {"fields": {"codename": "add_email", "name": "Can add Email", "content_type": 36}, "model": "auth.permission", "pk": 106}, {"fields": {"codename": "change_email", "name": "Can change Email", "content_type": 36}, "model": "auth.permission", "pk": 107}, {"fields": {"codename": "delete_email", "name": "Can delete Email", "content_type": 36}, "model": "auth.permission", "pk": 108}, {"fields": {"expire_date": "2015-12-24T11:52:46.558Z", "session_data": "NDIyNzk1YTI3ZTNkODU5NTgyZDcwNmU0MDMzMDJjZDQxMWE5YTk1NTp7Il9hdXRoX3VzZXJfaGFzaCI6IjlmODc1YWZiZWUxNjMwMTE5MjJhZjgwNGFiNjZiODc5YzZjOGJjNzUiLCJfYXV0aF91c2VyX2JhY2tlbmQiOiJkamFuZ28uY29udHJpYi5hdXRoLmJhY2tlbmRzLk1vZGVsQmFja2VuZCIsIl9hdXRoX3VzZXJfaWQiOiIxIn0="}, "model": "sessions.session", "pk": "0d1nznqg186kfq11inn6u7htsif8gmif"}, {"fields": {"domain": "www.pythonified.com", "name": "kompres2015"}, "model": "sites.site", "pk": 1}, {"fields": {"title": "Quick links", "column": 0, "collapsed": false, "settings": "{\"layout\": \"inline\"}", "module": "jet.dashboard.modules.LinkList", "children": "[{\"url\": \"/\", \"title\": \"Return to site\"}, {\"url\": \"/admin/password_change/\", \"title\": \"Change password\"}, {\"url\": \"/admin/logout/\", \"title\": \"Log out\"}]", "user": 1, "app_label": null, "order": 0}, "model": "dashboard.userdashboardmodule", "pk": 1}, {"fields": {"title": "Applications", "column": 1, "collapsed": false, "settings": "{\"models\": null, \"exclude\": [\"auth.*\"]}", "module": "jet.dashboard.modules.AppList", "children": "", "user": 1, "app_label": null, "order": 0}, "model": "dashboard.userdashboardmodule", "pk": 2}, {"fields": {"title": "Administration", "column": 2, "collapsed": false, "settings": "{\"models\": [\"auth.*\"], \"exclude\": null}", "module": "jet.dashboard.modules.AppList", "children": "", "user": 1, "app_label": null, "order": 0}, "model": "dashboard.userdashboardmodule", "pk": 3}, {"fields": {"title": "Recent Actions", "column": 0, "collapsed": false, "settings": "{\"exclude_list\": null, \"include_list\": null, \"limit\": 10, \"user\": null}", "module": "jet.dashboard.modules.RecentActions", "children": "", "user": 1, "app_label": null, "order": 1}, "model": "dashboard.userdashboardmodule", "pk": 4}, {"fields": {"title": "Latest Django News", "column": 1, "collapsed": false, "settings": "{\"limit\": 5, \"feed_url\": \"http://www.djangoproject.com/rss/weblog/\"}", "module": "jet.dashboard.modules.Feed", "children": "", "user": 1, "app_label": null, "order": 1}, "model": "dashboard.userdashboardmodule", "pk": 5}, {"fields": {"title": "Support", "column": 2, "collapsed": false, "settings": "{\"layout\": \"stacked\"}", "module": "jet.dashboard.modules.LinkList", "children": "[{\"url\": \"http://docs.djangoproject.com/\", \"external\": true, \"title\": \"Django documentation\"}, {\"url\": \"http://groups.google.com/group/django-users\", \"external\": true, \"title\": \"Django \\\"django-users\\\" mailing list\"}, {\"url\": \"irc://irc.freenode.net/django\", \"external\": true, \"title\": \"Django irc channel\"}]", "user": 1, "app_label": null, "order": 1}, "model": "dashboard.userdashboardmodule", "pk": 6}, {"fields": {"title": "Application models", "column": 0, "collapsed": false, "settings": "{\"models\": [\"tourism.*\"], \"exclude\": null}", "module": "jet.dashboard.modules.ModelList", "children": "", "user": 1, "app_label": "tourism", "order": 0}, "model": "dashboard.userdashboardmodule", "pk": 7}, {"fields": {"title": "Recent Actions", "column": 1, "collapsed": false, "settings": "{\"exclude_list\": null, \"include_list\": [\"tourism.*\"], \"limit\": 10, \"user\": null}", "module": "jet.dashboard.modules.RecentActions", "children": "", "user": 1, "app_label": "tourism", "order": 0}, "model": "dashboard.userdashboardmodule", "pk": 8}, {"fields": {"date_add": "2015-12-10T11:53:36.702Z", "user": 1, "app_label": "article"}, "model": "jet.pinnedapplication", "pk": 1}, {"fields": {"date_add": "2015-12-10T11:53:38.300Z", "user": 1, "app_label": "image"}, "model": "jet.pinnedapplication", "pk": 2}, {"fields": {"date_add": "2015-12-10T11:53:39.288Z", "user": 1, "app_label": "region"}, "model": "jet.pinnedapplication", "pk": 3}, {"fields": {"date_add": "2015-12-10T11:53:40.160Z", "user": 1, "app_label": "pages"}, "model": "jet.pinnedapplication", "pk": 4}, {"fields": {"date_add": "2015-12-10T11:53:43.312Z", "user": 1, "app_label": "transportation"}, "model": "jet.pinnedapplication", "pk": 5}, {"fields": {"date_add": "2015-12-10T11:53:44.202Z", "user": 1, "app_label": "tourism"}, "model": "jet.pinnedapplication", "pk": 6}, {"fields": {"name": "facebook", "sites": [1], "secret": "6acb3b4270167d49471389502b1f7170", "client_id": "538377002985975", "key": "", "provider": "facebook"}, "model": "socialaccount.socialapp", "pk": 1}, {"fields": {"username": "kompres2015", "first_name": "", "last_name": "", "name": "", "shadow_banned": false, "is_active": true, "is_superuser": true, "is_staff": true, "last_login": "2015-12-10T11:52:45.880Z", "groups": [], "user_permissions": [], "password": "pbkdf2_sha256$20000$phH9qAsmd8H7$Rue7qBvKVYq7nqSE3A7YQQ/K9YnPdaBmWDCUSrzBbIY=", "email": "abiraf.bot@gmail.com", "date_joined": "2015-12-10T05:54:13.808Z"}, "model": "users.user", "pk": 1}, {"fields": {"website": "", "modified_date": "2015-12-10", "name": "Green Canyon", "district": 5, "longitude": 108.4541408, "full_description": "<p>&quot;Cukang Taneuh&quot;, yaitu bahasa Sunda untuk menyebut jembatan Tanah, karena disini ada jembatan yang lebarnya 3 meter terbuat dari tanah berada di atas tebing kembar di tepi sungai. Keajaiban alam yang spektakuler ini tentu tidak akan Anda temui di tempat lain. Nama Green Canyon diyakini berasal dari seorang turis Perancis yang datang ke lokasi Green Canyon sekarang pada tahun 1993. Karena air dan lumut berwarna hijau yang berlimpah maka wisatawan itu memberikan nama Green Canyon. Green Canyon terletak di Desa Kertayasa, Ciamis, Jawa Barat, sekitar 31 Km atau 45 menit berkendara dari Pangandaran.<br />\r\n<br />\r\nKetika Anda tiba di pintu masuk utama dan area parkir Green Canyon, Anda akan melihat banyak perahu kayu yang populer disebut&nbsp;<em>&quot;ketinting&quot;</em>&nbsp;berbaris cantik di tepi sungai. Perahu-perahu inilah yang akan membawa Anda ke Green Canyon dengan ongkos Rp75.000,00 per orang. Sistem pengaturan perahu sangat terorganisir, setelah Anda membayar ongkos Anda akan menerima nomor dan akan mendapat giliran sesuai dengan nomor yang Anda terima.<br />\r\n<br />\r\n<em>Ketinting&nbsp;</em>kemudian akan membawa Anda menyusuri sungai, membelah hijaunya air dan perahu akan menciptakan gelombang kecil di setiap sisinya. Ketika Anda berada di dalam perahu, Anda akan melihat pemandangan indah pepohonan di tepi sungai, dan kadang-kadang ular atau kadal akan melompat ke sungai, atau muncul ke permukaan air. Ketika perahu melambat pemandangan yang&nbsp; mencengangkan tepat di depan mata Anda. Tebing tinggi kembar berdiri di setiap sisi sungai, dengan stalaktit dan stalagmit, air yang jernih dan Anda mungkin akan berpikir bahwa ini adalah Taman Eden. Air mengalir turun dari setiap sisi tebing menciptakan suara gemuruh air terjun. Jika air tidak sedang pasang, Anda bisa berjalan di bawah gua besar ini dan mengagumi kedua tebing besarnya. Pakaian Anda pasti akan basah kuyup, jadi tidak ada ruginya jika Anda sekalian berenang dan merasakan kesegaran airnya. Melompat dari tebing yang cukup tinggi kedalam air merupakan pengalaman yang tidak terlupakan. Hal yang paling nyata dari Green Canyon adalah tempatnya yang sangat bersih. Tidak ada sampah makanan ringan atau bungkus rokok mengambang dan bertebaran di sekitar tebing.</p>\r\n\r\n<p>&nbsp;</p>\r\n\r\n<p>Lokasinya yang tidak terlalu jauh dari Pangandaran, menjadikan Green Canyon sebagai destinasi wisata di pangandaran yang sulit untuk dilewatkan begitu saja. &quot;Sepotong surga di bumi&rdquo; begitulah yang digambarkan mereka yang datang ke Green Canyon. Sebuah keajaiban Alam tersembunyi di balik semak-semak tebal dan pepohonan hutan Pangandaran. Green Canyon adalah rahasia indah dan spektakuler yang tersembunyi di Pangandaran.</p>\r\n", "short_description": "\"Cukang Taneuh\", yaitu bahasa Sunda untuk menyebut jembatan Tanah, karena disini ada jembatan yang lebarnya 3 meter terbuat dari tanah berada di atas tebing kembar di tepi sungai. Keajaiban alam yang spektakuler ini tentu tidak akan Anda temui di tempat lain.", "model_3d": "", "created_date": "2015-12-10T12:04:32.123Z", "latitude": -7.7350596, "type": "Wisata", "thumbnail": 1}, "model": "tourism.traveldestination", "pk": 1}, {"fields": {"website": "http://sentulinternationalcircuit.com/", "modified_date": "2015-12-10", "name": "Sirkuit Internasional Sentul", "district": 6, "longitude": 106.8550819, "full_description": "<p><strong>Sirkuit Internasional Sentul</strong>&nbsp;adalah sebuah&nbsp;sirkuit&nbsp;balap yang terletak di desa Sentul, kecamatan&nbsp;Babakan Madang,&nbsp;kabupaten Bogor,&nbsp;Jawa Barat,&nbsp;Indonesia. Sirkuit ini sering digunakan untuk menyelenggarakan&nbsp;balap motor&nbsp;serta ajang&nbsp;Asian F3&nbsp;dan tercatat pernah menjadi penyelenggara&nbsp;MotoGP&nbsp;hingga akhir tahun 1997.</p>\r\n", "short_description": "Sirkuit Internasional Sentul adalah sebuah sirkuit balap yang terletak di desa Sentul, kecamatan Babakan Madang, kabupaten Bogor, Jawa Barat, Indonesia. Sirkuit ini sering digunakan untuk menyelenggarakan balap motor serta ajang Asian F3 dan tercatat pernah menjadi penyelenggara MotoGP hingga akhir tahun 1997.", "model_3d": "", "created_date": "2015-12-10T12:49:59.002Z", "latitude": -6.5364431, "type": "Aktifitas", "thumbnail": 5}, "model": "tourism.traveldestination", "pk": 2}, {"fields": {"website": "", "modified_date": "2015-12-10", "name": "Pulau Pahawang", "district": 9, "longitude": 105.2154142, "full_description": "<p>Pulau Pahawang yaitu destinasi wisata di Propinsi Lampung Sai Bumi Ruwa Jurai yang harus anda kunjungi bila anda sukai dengan wisata bawah laut. Berlokasi di Kecamatan Punduh Pidada Kabupaten Pesawaran Lampung. Dengan keindahan alam seputar dan dunia airnya, Pulau Pahawang bisa jadi kesenangan tersendir untuk beberapa diver (penyelam) serta pengagum snorkling. Rute menuju ke Pulau Pahawang bisa ditempuh lewat cara menyeberang terlebih dulu lewat Dermaga Ketapang. Tak ada angkutan umum serta bus menuju dermaga itu, hingga wisatawan luar Lampung baiknya bisa menyewa mobil dari Pelabuhan Bakauheni, Lampung Selatan atau dari Bandar Lampung sesudah naik bus menuju Terminal Rajabasa.&nbsp;</p>\r\n\r\n<p>Luas Pulau Pahawang seputar 1. 084 hektare. Manfaat menyisiri semua garis pantai pulau ini bisa menyewa perahu. Di satu diantara sisi pulau cuma ada deretan pohon nyiur yang banyak serta rapat-rapat. Sedang dibagian lain ada rimba dengan pohon besar di bibir pantainya. Dibagian ini cuma sedikit pasir di pantainya tetapi benar-benar rimbun pohon-pohon. Air laut yang berwarna biru jernih tampak kontras dengan warna hijau dari pohon-pohon. Pulau Pahawang mempunyai enam dusun, yakni Suakbuah, Penggetahan, Jeralangan, Kelompok, Pahawang dan Cukuhnyai dengan penghuni 1. 533 jiwa.&nbsp;</p>\r\n\r\n<p>Di seputar Pulau Pahawang ada banyak pulau seperti Pulau Pahawang Kecil, Pulau Gosong, serta Pulau Kelagian, serta Pulau Pahawang besar . Ada banyak spot snorkeling di seputar pulau. Satu diantaranya ada kapal nelayan yang karam. Kapal itu jadi tempat persembunyian ikan serta hewan laut lain. Keragaman bawah laut di pulau ini jadi tambah dengan beberapa macam karang, ikan, serta tumbuhan laut.&nbsp;</p>\r\n\r\n<p>Bila telah senang nikmati panorama bawah laut di Pulau Pahawang, kita bisa meneruskan penjelajahan dengan berlayar ke Tanjung Putus serta Pulau Kelagian yang tidak jauh dari Pahawang. Di Tanjung Putus ada Pulau Gosong, pulau yang cuma terbagi dalam pasir putih. Di sekitarnya air laut jernih berwarna toska, tidak terlampau dalam, seperti kolam renang pribadi tidak berbatas yang dibingkai deretan bukit serta pulau dari kejauhan. Apabila berkunjung ke Pulau Kelagian, pasir putih yang halus serta air yang benar-benar jernih bakal menyongsong anda. Pantainya benar-benar nyaman serta tenang untuk bersantai serta berenang.&nbsp;</p>\r\n", "short_description": "Pulau Pahawang yaitu destinasi wisata di Propinsi Lampung Sai Bumi Ruwa Jurai yang harus anda kunjungi bila anda sukai dengan wisata bawah laut. Berlokasi di Kecamatan Punduh Pidada Kabupaten Pesawaran Lampung. Dengan keindahan alam seputar dan dunia airnya, Pulau Pahawang bisa jadi kesenangan tersendir untuk beberapa diver (penyelam) serta pengagum snorkling.", "model_3d": "", "created_date": "2015-12-10T13:09:20.426Z", "latitude": -5.6757345, "type": "Wisata", "thumbnail": 8}, "model": "tourism.traveldestination", "pk": 3}, {"fields": {"website": "http://www.pulausangiang.com/", "modified_date": "2015-12-10", "name": "Pulau Sangiang", "district": 11, "longitude": 105.8304856, "full_description": "<p><strong>Sangiang</strong>, adalah sebuah pulau kecil yang terletak di&nbsp;<a href=\"https://id.wikipedia.org/wiki/Selat_Sunda\" title=\"Selat Sunda\">Selat Sunda</a>, yakni antara&nbsp;<a href=\"https://id.wikipedia.org/wiki/Jawa\" title=\"Jawa\">Jawa</a>&nbsp;dan&nbsp;<a href=\"https://id.wikipedia.org/wiki/Sumatra\" title=\"Sumatra\">Sumatra</a>.&nbsp;Jarak tempuhnya hanya membutuhkan waktu kurang lebih 45 menit dari Anyer, dengan menggunakan kapal atau perahu bermotor. Keindahan alamnya, berupa terumbu karang dan pantai.</p>\r\n\r\n<p>Pulau Sangiang yang sekarang dijadikan Taman Wisata Alam pada awalnya merupakan Cagar Alam seluas 700,35 Ha Kemudian pada tahun 1991 perairan di sekitar kawasan diubah menjadi Taman Wisata Alam Laut seluas 720 ha. Pada tanggal 8 Februari 1993 melalui SK Menteri Kehutanan No. 55/Kpts-II/1993 kawasan Cagar Alam diubah fungsinya menjadi Taman Wisata Alam dengan luas 528,15 ha.</p>\r\n\r\n<p>Pulau sangiang ini juga terdapat sebuah perkampungan yang dihuni oleh perantau yang menduduki pulau sangiang, pada saat pulau yang dimiliki perusahaan swasta tersebut terhenti proyeknya. Perkampungan tersebut bernama lagon waroo, atau lagoon waru, dan yang tercatat disana ada lebih 50 kepala keluarga&nbsp;</p>\r\n", "short_description": "Sangiang, adalah sebuah pulau kecil yang terletak di\u00a0Selat Sunda, yakni antara\u00a0Jawa\u00a0dan\u00a0Sumatra.\u00a0Jarak tempuhnya hanya membutuhkan waktu kurang lebih 45 menit dari Anyer, dengan menggunakan kapal atau perahu bermotor. Keindahan alamnya, berupa terumbu karang dan pantai.", "model_3d": "", "created_date": "2015-12-10T13:28:17.054Z", "latitude": -5.958902, "type": "Wisata", "thumbnail": 11}, "model": "tourism.traveldestination", "pk": 4}, {"fields": {"website": "http://www.gorajaampat.com/", "modified_date": "2015-12-11", "name": "Raja Ampat", "district": 14, "longitude": 130.4226606, "full_description": "<p>Raungan mesin kapal kayu berhenti dan perahu mulai merapat. Tidak ada yang terdengar kecuali ombak kecil yang mendera sisi kapal dan perlahan-lahan melepaskannya. Burung-burung beterbangan dari ujung pohon kecil di salah satu pulau tak berpenghuni. Ya, Anda tiba di Raja Ampat!&nbsp;Surga terakhir kekayaan bawah laut paling lengkap di Bumi.&nbsp;Bersiaplah untuk sebuah petualangan yang tidak akan terlupakan.&nbsp;</p>\r\n\r\n<p>&nbsp;</p>\r\n\r\n<p><strong>Raja Ampat&nbsp;</strong>atau &#39;Empat Raja&#39; adalah nama yang diberikan untuk pulau-pulau indah tersebut. Sebuah nama yang berasal dari mitos lokal. Empat pulau utama yang dimaksud itu adalah&nbsp;<a href=\"http://www.indonesia.travel/id/destination/518/daya-tarik-sunset-di-daratan-waigeo-raja-ampat\"><strong>Waigeo</strong></a>, Salawati, Batanta,&nbsp;<strong><a href=\"http://www.indonesia.travel/id/destination/805/pulau-misool\">Misool</a></strong>&nbsp;yang merupakan penghasil lukisan batu kuno.</p>\r\n\r\n<p>&nbsp;</p>\r\n\r\n<div>\r\n<p style=\"text-align:center\"><img alt=\"\" src=\"/media/uploads/2015/12/11/xchickenp20reef112014rajap20ampatjpgpagespeedicp9svtwgkj_.webp\" style=\"height:567px; width:850px\" /></p>\r\n</div>\r\n\r\n<p>&nbsp;</p>\r\n\r\n<p>Pecinta wisata bawah laut dari seluruh dunia datang ke Raja Ampat untuk menikmati pemandangan bawah laut terbaik yang mengagumkan.&nbsp;Mulailah tur Anda dari sini dengan menyelam di bawah lautnya yang paling indah. Jelajahilah dinding bawah laut yang vertikal dan rasakan ketegangan melihat kelayaan bahwah laut yang megah. Meski Anda berdebar-debar saat terombang-ambing arus laut namun itu pastinya akan menjadi pengalaman yang tidak terlupakan di Raja Ampat.</p>\r\n\r\n<p>&nbsp;</p>\r\n\r\n<p>Wilayah pulau-pulau di Raja Ampat sangatlah luas, mencakup 4,6 juta hektar tanah dan laut. Di sinilah rumah bagi 540 jenis karang, 1.511 spesies ikan, serta 700 jenis moluska. Kekayaan biota ini telah menjadikan Raja Ampat sebagai perpustakaan hidup dari koleksi terumbu karang dan biota laut paling beragam di dunia. Bahkan, menurut laporan&nbsp;<em>The Nature Conservancy dan Conservation International</em>, ada sekitar 75% spesies laut dunia tinggal di pulau yang menakjubkan ini.</p>\r\n", "short_description": "Pemandangan Raja Ampat seperti dalam mimpi tetapi ini bukanlah ilusi. Saat Anda mencemplungkan diri menyelam ke bawah laut maka perhatikan dengan detail hewan laut yang menyapa. Bisa jadi kuda laut kerdil mendekati jemari Anda seakan ingin menyambut berjabat tangan.", "model_3d": "", "created_date": "2015-12-10T13:46:26.777Z", "latitude": -0.2965149, "type": "Wisata", "thumbnail": 14}, "model": "tourism.traveldestination", "pk": 5}, {"fields": {"website": "", "modified_date": "2015-12-11", "name": "Dieng", "district": 15, "longitude": 109.8850625, "full_description": "<p><strong>Dieng</strong>&nbsp;adalah kawasan&nbsp;<a href=\"https://id.wikipedia.org/wiki/Dataran_tinggi\" title=\"Dataran tinggi\">dataran tinggi</a>&nbsp;di&nbsp;<a href=\"https://id.wikipedia.org/wiki/Jawa_Tengah\" title=\"Jawa Tengah\">Jawa Tengah</a>, yang masuk wilayah&nbsp;<a href=\"https://id.wikipedia.org/wiki/Kabupaten_Banjarnegara\" title=\"Kabupaten Banjarnegara\">Kabupaten Banjarnegara</a>&nbsp;dan&nbsp;<a href=\"https://id.wikipedia.org/wiki/Kabupaten_Wonosobo\" title=\"Kabupaten Wonosobo\">Kabupaten Wonosobo</a>. Letaknya berada di sebelah barat kompleks&nbsp;<a href=\"https://id.wikipedia.org/wiki/Gunung_Sindoro\" title=\"Gunung Sindoro\">Gunung Sindoro</a>&nbsp;dan&nbsp;<a href=\"https://id.wikipedia.org/wiki/Gunung_Sumbing\" title=\"Gunung Sumbing\">Gunung Sumbing</a>.</p>\r\n\r\n<p>Dieng adalah kawasan&nbsp;<a href=\"https://id.wikipedia.org/wiki/Vulkanologi\" title=\"Vulkanologi\">vulkanik</a>&nbsp;aktif dan dapat dikatakan merupakan&nbsp;<a href=\"https://id.wikipedia.org/wiki/Gunung_api\" title=\"Gunung api\">gunung api</a>&nbsp;raksasa dengan beberapa kepundan kawah. Ketinggian rata-rata adalah sekitar 2.000 m di atas permukaan&nbsp;<a href=\"https://id.wikipedia.org/wiki/Laut\" title=\"Laut\">laut</a>. Suhu berkisar 12&mdash;20&deg;C di siang hari dan 6-10&deg;C di malam hari. Pada&nbsp;<a href=\"https://id.wikipedia.org/wiki/Musim_kemarau\" title=\"Musim kemarau\">musim kemarau</a>&nbsp;(Juli dan Agustus), suhu udara dapat mencapai 0&deg;C di pagi hari dan memunculkan&nbsp;<a href=\"https://id.wikipedia.org/wiki/Embun\" title=\"Embun\">embun</a>&nbsp;beku yang oleh penduduk setempat disebut&nbsp;<em>bun upas</em>(&quot;embun racun&quot;) karena menyebabkan kerusakan pada tanaman pertanian.</p>\r\n\r\n<p>Secara administrasi, Dieng merupakan wilayah Desa&nbsp;<a href=\"https://id.wikipedia.org/wiki/Dieng_Kulon,_Batur,_Banjarnegara\" title=\"Dieng Kulon, Batur, Banjarnegara\">Dieng Kulon</a>,&nbsp;<a href=\"https://id.wikipedia.org/wiki/Batur,_Banjarnegara\" title=\"Batur, Banjarnegara\">Kecamatan Batur</a>,&nbsp;<a href=\"https://id.wikipedia.org/wiki/Kabupaten\" title=\"Kabupaten\">Kabupaten</a>&nbsp;<a href=\"https://id.wikipedia.org/wiki/Banjarnegara\" title=\"Banjarnegara\">Banjarnegara</a>&nbsp;dan&nbsp;<a href=\"https://id.wikipedia.org/wiki/Dieng,_Kejajar,_Wonosobo\" title=\"Dieng, Kejajar, Wonosobo\">Dieng</a>&nbsp;(&quot;Dieng Wetan&quot;),<a href=\"https://id.wikipedia.org/wiki/Kejajar,_Wonosobo\" title=\"Kejajar, Wonosobo\">Kecamatan Kejajar</a>,&nbsp;<a href=\"https://id.wikipedia.org/wiki/Kabupaten_Wonosobo\" title=\"Kabupaten Wonosobo\">Kabupaten Wonosobo</a>. Wilayah ini merupakan salah satu wilayah paling terpencil di&nbsp;<a href=\"https://id.wikipedia.org/wiki/Jawa_Tengah\" title=\"Jawa Tengah\">Jawa Tengah</a>.</p>\r\n", "short_description": "Dieng adalah kawasan dataran tinggi di Jawa Tengah, yang masuk wilayah Kabupaten Banjarnegara dan Kabupaten Wonosobo. Letaknya berada di sebelah barat kompleks Gunung Sindoro dan Gunung Sumbing.", "model_3d": "", "created_date": "2015-12-11T01:26:06.563Z", "latitude": -7.2155052, "type": "Wisata", "thumbnail": 20}, "model": "tourism.traveldestination", "pk": 6}, {"fields": {"website": "", "modified_date": "2015-12-11", "name": "Monumen Nasional", "district": 16, "longitude": 106.8280412, "full_description": "<p><strong>Monumen Nasional</strong>&nbsp;atau yang populer disingkat dengan&nbsp;<strong>Monas</strong>&nbsp;atau&nbsp;<strong>Tugu Monas</strong>&nbsp;adalah monumen peringatan setinggi 132 meter (433 kaki) yang didirikan untuk mengenang perlawanan dan perjuangan rakyat&nbsp;<a href=\"https://id.wikipedia.org/wiki/Indonesia\" title=\"Indonesia\">Indonesia</a>&nbsp;untuk merebut&nbsp;<a href=\"https://id.wikipedia.org/wiki/Kemerdekaan\" title=\"Kemerdekaan\">kemerdekaan</a>&nbsp;dari pemerintahan kolonial&nbsp;<a href=\"https://id.wikipedia.org/wiki/Hindia_Belanda\" title=\"Hindia Belanda\">Hindia Belanda</a>. Pembangunan monumen ini dimulai pada tanggal&nbsp;<a href=\"https://id.wikipedia.org/wiki/17_Agustus\" title=\"17 Agustus\">17 Agustus</a>&nbsp;<a href=\"https://id.wikipedia.org/wiki/1961\" title=\"1961\">1961</a>&nbsp;di bawah perintah presiden&nbsp;<a href=\"https://id.wikipedia.org/wiki/Sukarno\" title=\"Sukarno\">Sukarno</a>, dan dibuka untuk umum pada tanggal&nbsp;<a href=\"https://id.wikipedia.org/wiki/12_Juli\" title=\"12 Juli\">12 Juli</a>&nbsp;<a href=\"https://id.wikipedia.org/wiki/1975\" title=\"1975\">1975</a>. Tugu ini dimahkotai lidah api yang dilapisi lembaran&nbsp;<a href=\"https://id.wikipedia.org/wiki/Emas\" title=\"Emas\">emas</a>&nbsp;yang melambangkan semangat perjuangan yang menyala-nyala. Monumen Nasional terletak tepat di tengah Lapangan&nbsp;<a href=\"https://id.wikipedia.org/wiki/Medan_Merdeka\" title=\"Medan Merdeka\">Medan Merdeka</a>,&nbsp;<a href=\"https://id.wikipedia.org/wiki/Jakarta_Pusat\" title=\"Jakarta Pusat\">Jakarta Pusat</a>. Monumen dan museum ini dibuka setiap hari mulai pukul 08.00 - 15.00 WIB. Pada hari Senin pekan terakhir setiap bulannya ditutup untuk umum.</p>\r\n", "short_description": "Monumen Nasional atau yang populer disingkat dengan Monas atau Tugu Monas adalah monumen peringatan setinggi 132 meter (433 kaki) yang didirikan untuk mengenang perlawanan dan perjuangan rakyat Indonesia untuk merebut kemerdekaan dari pemerintahan kolonial Hindia Belanda. Pembangunan monumen ini dimulai pada tanggal 17 Agustus 1961 di bawah perintah presiden Sukarno, dan dibuka untuk umum pada tanggal 12 Juli 1975. Tugu ini dimahkotai lidah api yang dilapisi lembaran emas yang melambangkan semangat perjuangan yang menyala-nyala.", "model_3d": "", "created_date": "2015-12-11T02:43:50.380Z", "latitude": -6.1747083, "type": "Monumen", "thumbnail": 24}, "model": "tourism.traveldestination", "pk": 7}, {"fields": {"content": "<p>Di pintu masuk utama Green Canyon, Anda bisa mendapatkan makanan dan minuman. Di sini Anda dapat menemukan sejumlah restoran yang melayani makanan tradisional sunda dan seafood. Ada juga gerobak makanan yang menjual bakso, bubur ayam dan lain-lain. Untuk mengenal lebih lanjut tentang masakan tradisional Sunda, Anda dapat merujuk ke&nbsp;<a href=\"http://www.indonesia.travel/id/destination/388/kuliner-istimewa-jawa-barat\" target=\"_blank\">kuliner istimewa Jawa Barat</a>&nbsp;kami.</p>\r\n", "modified_date": "2015-12-10", "travel_destination": 1, "name": "Kuliner", "created_date": "2015-12-10T12:12:49.006Z"}, "model": "tourism.traveldestinationcontent", "pk": 1}, {"fields": {"content": "<p>Mungkin, di antara banyak hal yang bisa Anda lakukan, Anda hanya tercengang dan berteriak sambil berdiri menatap keindahan alam ini, kemudian ambil kamera Anda untuk mengabadikan setiap sudut keindahan Green Canyon. Terakhir berenanglah di bawah stalaktit merasakan sejuknya air yang menusuk kulit Anda.</p>\r\n", "modified_date": "2015-12-10", "travel_destination": 1, "name": "Kegiatan", "created_date": "2015-12-10T12:12:49.027Z"}, "model": "tourism.traveldestinationcontent", "pk": 2}, {"fields": {"content": "<ul>\r\n\t<li>jangan lupa membawa baju ganti.</li>\r\n\t<li>Jangan lupa membawa tas kering untuk melindungi barang berharga Anda seperti telepon seluler, kamera, dll.</li>\r\n\t<li>Membawa kamera atau perekam gambar jelas merupakan suatu keharusan, karena Anda jarang menemukan keindahan seperti ini.</li>\r\n\t<li>Gunakan sepatu yang nyaman karena bebatuan di Green Canyon licin.</li>\r\n\t<li>Jangan lupa membawa beberapa makanan dan minuman, karena akomodasi makanan hanya ada di pintu masuk utama.</li>\r\n\t<li>Jangan membuang sampah sembarangan.</li>\r\n\t<li>Green Canyon buka setiap hari pukul 07.00, tetapi pada hari Jumat jam operasional dimulai sekitar pukul 13.00.</li>\r\n</ul>\r\n", "modified_date": "2015-12-10", "travel_destination": 1, "name": "Tips", "created_date": "2015-12-10T12:12:49.038Z"}, "model": "tourism.traveldestinationcontent", "pk": 3}, {"fields": {"content": "<p>Pulau Sangiang memiliki 3 tipe ekosistem hutan yaitu ekosistem hutan dataran rendah, ekosistem hutan pantai dan ekosistem hutan payau. Beberapa jenis flora di kawasan ini, antara lain cemara laut (<em>Casuarina equisetifolia</em>), bayur (<em>Pterospermum javanicum</em>), ketapang (<em>Terminalia catappa</em>), nyamplung (<em>Callophyllum inophylum</em>), waru laut (<em>Hisbiscus tiliaceus</em>), walikukun (<em>Scoutenia ovata</em>), bakau (<em>Rhizophora stylosa</em>), dan cantigi (<em>Phempis acidula</em>).</p>\r\n\r\n<p>Sedangkan jenis satwa yang ditemukan di dalam kawasan ini sangat beragam jenisnya dengan populasi yang relatif baik dan sebagian telah dilindungi undang-undang. Jenis satwa tersebut, antara lain lutung (<em>Trachypitechus auratus</em>), kucing hutan (<em>Felis bengalensis</em>), landak (<em>Hystrix brachiura</em>), biawak (<em>varanus salvator</em>), elang laut (<em>Haliarctus leucocagter</em>), dara laut (<em>Sterna sp.</em>), raja udang (<em>Halcyon cloris</em>), belibis (<em>Anas sp.</em>), kuntul karang (<em>Egretta sacra</em>), burung camar (<em>Sterna spp.</em>), pelatuk besi (<em>Threskiornis aethiopica</em>), burung cangak (<em>Ardea sumatrana</em>), ular sanca (<em>Phyton reticularis</em>) dan berbagai biota laut.</p>\r\n", "modified_date": "2015-12-10", "travel_destination": 4, "name": "Keanekaragaman Hayati", "created_date": "2015-12-10T13:28:17.069Z"}, "model": "tourism.traveldestinationcontent", "pk": 4}, {"fields": {"content": "<p>Pulau Raja Ampat merupakan fenomena alam yang menawan dengan keanekaragaman hayati melimpah. Ada 540 jenis karang dan 1.511 spesies ikan&nbsp;di Raja Ampat; 75% seluruh spesies karang yang ada di dunia; 10 kali lipat jumlah spesies karang yang ditemukan di seluruh Karibia; terdapat pula 5 spesies penyu laut langka; 57 spesies udang mantis; 13 spesies mamalia laut; dan 27 spesies ikan yang hanya dapat Anda ditemui di wilayah ini.</p>\r\n\r\n<p>Pemandangan laut yang menakjubkan di atas dan bawah lautnya akan memberi isyarat kepada Anda bahwa kegiatan memotret adalah hal yang tidak boleh dilewatkan.</p>\r\n\r\n<p>Kondisi alam Raja Ampat sangat unik dan berbeda karena memiliki struktur tanah endemik, keanekaragaman biota laut, ekologi pantai, serta kebudayaan. Keindahan ini sempurna bersama tradisi penduduk dan kearifan lokalnya.</p>\r\n\r\n<p>Pilihlah beberapa aktivitas berikut ini atau mengapa tidak jajal saja semuanya.</p>\r\n\r\n<p>Menyelam untuk melihat sisa-sisa reruntuhan kapal di bawah laut Bermain kayak Menjelajahi pulau dengan perahu Mengunjungi burung cenderawasih merah khas Papua Barat Menikmati indahnya pulau-pulau karang (karst) di sekitar Pulau Wayag Menjelajahi gua kelelawar (bukan kelelawar varietas Dark Knight) Membuat patung kayu sendiri yang dipandu oleh pengrajin Asmat Memancing secara tradisional Papua Trekking untuk menemukan air terjun Memberi makan kuskus Snorkeling</p>\r\n\r\n<p>Di Raja Ampat Anda juga dapat melihat &ldquo;hantu laut&rdquo;, yaitu tepatnya di bagian Timur Waigeo, di depan desa Urbinasopen dan Yesner. Ada fenomena alam unik dan menarik dan hanya dapat dilihat setiap akhir tahun. Yaitu sebuah sinar yang berasal dari laut mengitari permukaannya berlangsung sekitar 10-18 menit. Penduduk setempat menyebut&nbsp; fenomena ini sebagai &ldquo;hantu laut&rdquo;. Fenomena ini lebih dari sekedar pemandangan sunset yang indah dan dapat Anda saksikan dari atas perahu (Jangan lewatkan untuk merekamnya dengan kamera Anda)</p>\r\n\r\n<p>&nbsp;<strong>Di bagian Barat dan Utara Waigeo</strong>, Anda dapat melihat pertunjukan suling bambu tradisional yang disebut suling tambur. Pertunjukan tradisional ini biasanya diselenggarakan selama festival keagamaan, saat Hari Kemerdekaan 17 Agustus dan saat &nbsp;datangnya kunjungan pejabat atau pemimpin penting. Jika Anda tertarik dengan antropologi maka acara ini patut dimasukkan dalam agenda terpisah.</p>\r\n\r\n<p>&nbsp;<strong>Di Tomolol</strong>, Anda akan terkagum-kagum dengan gua-nya. Anda dapat melihat lukisan telapak tangan manusia dan hewan yang sangat besar. Dilukis oleh penghuni gua dari masa prasejarah. Sedangkan di sebelah utara Waigeo, Anda juga dapat belajar sejarah dengan mengunjungi gua dari masa Perang Dunia II, tempat pasukan Belanda dan Jepang membangun bungker mereka. Kadang masyarakat setempat melakukan tarian perang yang dapat Anda saksikan. Ada juga air terjun yang terus mengalir di Salawati, pemandangan yang tidak boleh Anda lewatkan pastinya.</p>\r\n\r\n<p>&nbsp;Selain itu, terdapat juga pulau eksotik yaitu&nbsp;<strong>P</strong><strong>ulau Ayau</strong>&nbsp;yang terdiri dari pulau-pulau kecil di Kepulauan Karang yang sangat besar dimana dasar lautnya berpasir putih dan menghubungkan satu pulau dengan yang lain.</p>\r\n\r\n<p>&nbsp;Ada juga pulau-pulau dengan pasir yang unik, masyarakat setempat menyebutnya &ldquo;Zandplaat&rdquo;. Di sini merupakan habitat unik vegetasi lokal. Anda dapat melihat &nbsp;ibu-ibu dan anak suku setempat menangkap cacing laut (insonem).</p>\r\n\r\n<p>&nbsp;<strong>Waigeo Selatan</strong>&nbsp;menjadi tujuan favorit penggemar diving. Saat Anda di sini, mengapa tidak untuk mengunjungi&nbsp;<strong>Kabui Bay</strong>&nbsp;yang memiliki banyak pulau karang (karst), gua tengkorak, dan tempat bersejarah Raja Ampat di Kali Raja. Anda dapat melihat berbagai jenis burung di&nbsp;<strong>D</strong><strong>esa Yenwaupnor&nbsp;</strong>dan&nbsp;<strong>Sawinggrai</strong>, tari Salay di Saonek, dan kerajinan anyaman di Arborek. Di Arborek, sekali lagi Anda dapat menyelam dan menyaksikan sekelompok ikan pari berenang.&nbsp;<strong>Di Sawandarek</strong>, ada pantai berpasir putih dengan bebek laut dan karang yang indah. Selain itu, ada sebuah desa tradisional di mana Anda dapat berjalan-jalan dan menikmati suasana unik.</p>\r\n\r\n<p>&nbsp;Anda juga dapat menyelam di sebelah&nbsp;<strong>Barat Waigeo</strong>,&nbsp;<strong>Batanta</strong>, dan&nbsp;<strong>Kofiau</strong>. Potensi tujuan wisata ini adalah tempat yang tepat untuk dikunjungi oleh houseboats atau rumah kapal. Pulau karang (karst) di Kepulauan&nbsp;<a href=\"http://www.indonesia.travel/id/destination/83/jalur-lautan-kepulauan-wayag\"><strong>Wayag</strong></a>&nbsp;memiliki objek alam yang sangat menarik untuk dinikmati.</p>\r\n", "modified_date": "2015-12-11", "travel_destination": 5, "name": "Kegiatan", "created_date": "2015-12-11T00:59:07.048Z"}, "model": "tourism.traveldestinationcontent", "pk": 5}, {"fields": {"content": "<p>Beberapa peninggalan budaya dan alam telah dijadikan sebagai&nbsp;<a href=\"https://id.wikipedia.org/wiki/Obyek_wisata\" title=\"Obyek wisata\">objek wisata</a>&nbsp;dan dikelola bersama oleh dua kabupaten, yaitu Banjarnegara dan Wonosobo. Berikut beberapa objek wisata di Dieng.</p>\r\n\r\n<ul>\r\n\t<li><a href=\"https://id.wikipedia.org/wiki/Telaga\" title=\"Telaga\">Telaga</a>:&nbsp;<a href=\"https://id.wikipedia.org/wiki/Telaga_Warna\" title=\"Telaga Warna\">Telaga Warna</a>, sebuah telaga yang sering memunculkan nuansa warna merah, hijau, biru, putih, dan lembayung,&nbsp;<a href=\"https://id.wikipedia.org/w/index.php?title=Telaga_Pengilon&amp;action=edit&amp;redlink=1\" title=\"Telaga Pengilon (halaman belum tersedia)\">Telaga Pengilon</a>, yang letaknya bersebelahan persis dengan Telaga Warna, uniknya warna air di telaga ini bening seperti tidak tercampur belerang. Keunikan lain adalah yang membatasi Telaga Warna dengan Telaga Pengilon hanyalah rerumputan yang terbentuk seperti rawa kecil.&nbsp;<a href=\"https://id.wikipedia.org/w/index.php?title=Telaga_Merdada&amp;action=edit&amp;redlink=1\" title=\"Telaga Merdada (halaman belum tersedia)\">Telaga Merdada</a>, adalah merupakan yang terbesar di antara telaga yang ada di Dataran Tinggi Dieng. Airnya yang tidak pernah surut dijadikan sebagai pengairan untuk ladang pertanian. Bahkan Telaga ini juga digunakan para pemancing untuk menyalurkan hobi atau juga wisatawan yang sekadar berkeliling dengan perahu kecil yang disewakan oleh penduduk setempat.</li>\r\n\t<li><a href=\"https://id.wikipedia.org/wiki/Kawah\" title=\"Kawah\">Kawah</a>: Sikidang, Sileri, Sinila (meletus dan mengeluarkan gas beracun pada tahun 1979 dengan korban 149 jiwa), Kawah Candradimuka.</li>\r\n\t<li>Kompleks candi-candi Hindu yang dibangun pada&nbsp;<a href=\"https://id.wikipedia.org/wiki/Abad_ke-7\" title=\"Abad ke-7\">abad ke-7</a>, antara lain:&nbsp;<a href=\"https://id.wikipedia.org/wiki/Candi_Gatotkaca\" title=\"Candi Gatotkaca\">Candi Gatotkaca</a>,&nbsp;<a href=\"https://id.wikipedia.org/wiki/Candi_Bima\" title=\"Candi Bima\">Candi Bima</a>,&nbsp;<a href=\"https://id.wikipedia.org/wiki/Candi_Arjuna\" title=\"Candi Arjuna\">Candi Arjuna</a>,&nbsp;<a href=\"https://id.wikipedia.org/w/index.php?title=Candi_Semar&amp;action=edit&amp;redlink=1\" title=\"Candi Semar (halaman belum tersedia)\">Candi Semar</a>,&nbsp;<a href=\"https://id.wikipedia.org/w/index.php?title=Candi_Sembadra&amp;action=edit&amp;redlink=1\" title=\"Candi Sembadra (halaman belum tersedia)\">Candi Sembadra</a>,&nbsp;<a href=\"https://id.wikipedia.org/w/index.php?title=Candi_Srikandi&amp;action=edit&amp;redlink=1\" title=\"Candi Srikandi (halaman belum tersedia)\">Candi Srikandi</a>,&nbsp;<a href=\"https://id.wikipedia.org/w/index.php?title=Candi_Setyaki&amp;action=edit&amp;redlink=1\" title=\"Candi Setyaki (halaman belum tersedia)\">Candi Setyaki</a>,&nbsp;<a href=\"https://id.wikipedia.org/w/index.php?title=Gangsiran_Aswatama&amp;action=edit&amp;redlink=1\" title=\"Gangsiran Aswatama (halaman belum tersedia)\">Gangsiran Aswatama</a>, dan&nbsp;<a href=\"https://id.wikipedia.org/w/index.php?title=Candi_Dwarawati&amp;action=edit&amp;redlink=1\" title=\"Candi Dwarawati (halaman belum tersedia)\">Candi Dwarawati</a>.</li>\r\n\t<li><a href=\"https://id.wikipedia.org/wiki/Gua\" title=\"Gua\">Gua</a>:&nbsp;<a href=\"https://id.wikipedia.org/w/index.php?title=Gua_Semar&amp;action=edit&amp;redlink=1\" title=\"Gua Semar (halaman belum tersedia)\">Gua Semar</a>, Gua Jaran, Gua Sumur. Terletak di antara Telaga Warna dan Telaga Pengilon, sering digunakan sebagai tempat olah spiritual.</li>\r\n</ul>\r\n", "modified_date": "2015-12-11", "travel_destination": 6, "name": "Objek Wisata", "created_date": "2015-12-11T01:26:06.584Z"}, "model": "tourism.traveldestinationcontent", "pk": 6}, {"fields": {"content": "<h2>Sejarah</h2>\r\n\r\n<p>Setelah pusat pemerintahan Republik Indonesia kembali ke Jakarta setelah sebelumnya berkedudukan di Yogyakarta pada tahun 1950 menyusul pengakuan kedaulatan Republik Indonesia oleh pemerintah Belanda pada tahun 1949, Presiden Sukarno mulai merencanakan pembangunan sebuah monumen nasional yang setara dengan Menara Eiffel di lapangan tepat di depan Istana Merdeka. Pembangunan tugu Monas bertujuan mengenang dan melestarikan perjuangan bangsa Indonesia pada masa revolusi kemerdekaan 1945, agar terus membangkitkan inspirasi dan semangat patriotisme generasi penerus.</p>\r\n\r\n<p>Pada tanggal&nbsp;<a href=\"https://id.wikipedia.org/wiki/17_Agustus\" title=\"17 Agustus\">17 Agustus</a>&nbsp;<a href=\"https://id.wikipedia.org/wiki/1954\" title=\"1954\">1954</a>&nbsp;sebuah komite nasional dibentuk dan sayembara perancangan monumen nasional digelar pada tahun&nbsp;<a href=\"https://id.wikipedia.org/wiki/1955\" title=\"1955\">1955</a>. Terdapat 51 karya yang masuk, akan tetapi hanya satu karya yang dibuat oleh Frederich Silaban yang memenuhi kriteria yang ditentukan komite, antara lain menggambarkan karakter bangsa Indonesia dan dapat bertahan selama berabad-abad. Sayembara kedua digelar pada tahun&nbsp;<a href=\"https://id.wikipedia.org/wiki/1960\" title=\"1960\">1960</a>&nbsp;tapi sekali lagi tak satupun dari 136 peserta yang memenuhi kriteria. Ketua juri kemudian meminta Silaban untuk menunjukkan rancangannya kepada Sukarno. Akan tetapi Sukarno kurang menyukai rancangan itu dan ia menginginkan monumen itu berbentuk&nbsp;<a href=\"https://id.wikipedia.org/wiki/Lingga_(arca)\" title=\"Lingga (arca)\">lingga</a>&nbsp;dan&nbsp;<a href=\"https://id.wikipedia.org/wiki/Yoni\" title=\"Yoni\">yoni</a>. Silaban kemudian diminta merancang monumen dengan tema seperti itu, akan tetapi rancangan yang diajukan Silaban terlalu luar biasa sehingga biayanya sangat besar dan tidak mampu ditanggung oleh anggaran negara, terlebih kondisi ekonomi saat itu cukup buruk. Silaban menolak merancang bangunan yang lebih kecil, dan menyarankan pembangunan ditunda hingga ekonomi Indonesia membaik. Sukarno kemudian meminta arsitek R.M. Soedarsono untuk melanjutkan rancangan itu. Soedarsono memasukkan angka 17, 8 dan 45, melambangkan&nbsp;<a href=\"https://id.wikipedia.org/wiki/17_Agustus\" title=\"17 Agustus\">17 Agustus</a>&nbsp;<a href=\"https://id.wikipedia.org/wiki/1945\" title=\"1945\">1945</a>&nbsp;memulai&nbsp;<a href=\"https://id.wikipedia.org/wiki/Proklamasi_Kemerdekaan_Indonesia\" title=\"Proklamasi Kemerdekaan Indonesia\">Proklamasi Kemerdekaan Indonesia</a>, ke dalam rancangan monumen itu.&nbsp;Tugu Peringatan Nasional ini kemudian dibangun di areal seluas 80 hektare. Tugu ini diarsiteki oleh Friedrich Silaban dan R. M. Soedarsono, mulai dibangun&nbsp;<a href=\"https://id.wikipedia.org/wiki/17_Agustus\" title=\"17 Agustus\">17 Agustus</a>&nbsp;<a href=\"https://id.wikipedia.org/wiki/1961\" title=\"1961\">1961</a>.</p>\r\n", "modified_date": "2015-12-11", "travel_destination": 7, "name": "Sejarah", "created_date": "2015-12-11T02:43:50.452Z"}, "model": "tourism.traveldestinationcontent", "pk": 7}, {"fields": {"content": "<h2>Museum Sejarah Nasional</h2>\r\n\r\n<p><a href=\"https://id.wikipedia.org/wiki/Berkas:Diorama_02.JPG\"><img alt=\"\" src=\"https://upload.wikimedia.org/wikipedia/commons/thumb/c/ce/Diorama_02.JPG/250px-Diorama_02.JPG\" style=\"height:188px; width:250px\" /></a></p>\r\n\r\n<p>Pelajar memperhatikan diorama sejarah Indonesia</p>\r\n\r\n<p>Di bagian dasar monumen pada kedalaman 3 meter di bawah permukaan tanah, terdapat Museum Sejarah Nasional Indonesia. Ruang besar museum sejarah perjuangan nasional dengan ukuran luas 80 x 80 meter, dapat menampung pengunjung sekitar 500 orang. Ruangan besar berlapis marmer ini terdapat 48&nbsp;<a href=\"https://id.wikipedia.org/wiki/Diorama\" title=\"Diorama\">diorama</a>&nbsp;pada keempat sisinya dan 3 diorama di tengah, sehingga menjadi total 51 diorama. Diorama ini menampilkan sejarah Indonesia sejak masa pra sejarah hingga masa Orde Baru. Diorama ini dimula dari sudut timur laut bergerak searah jarum jam menelusuri perjalanan sejarah Indonesia; mulai masa pra sejarah, masa kemaharajaan kuno seperti&nbsp;<a href=\"https://id.wikipedia.org/wiki/Sriwijaya\" title=\"Sriwijaya\">Sriwijaya</a>&nbsp;dan&nbsp;<a href=\"https://id.wikipedia.org/wiki/Majapahit\" title=\"Majapahit\">Majapahit</a>, disusul masa penjajahan bangsa Eropa yang disusul perlawanan para pahlawan nasional pra kemerdekaan melawan VOC dan pemerintah Hindia Belanda. Diorama berlangsung terus hingga masa pergerakan nasional Indonesia awal abad ke-20, pendudukan Jepang, perang kemerdekaan dan masa revolusi, hingga masa Orde Baru pada masa pemerintahan Suharto.</p>\r\n", "modified_date": "2015-12-11", "travel_destination": 7, "name": "Museum", "created_date": "2015-12-11T02:43:50.457Z"}, "model": "tourism.traveldestinationcontent", "pk": 8}, {"fields": {"latitude": -7.1227243, "modified_date": "2015-12-10", "name": "Jawa", "longitude": 110.2595143, "created_date": "2015-12-10T11:54:11.848Z"}, "model": "region.location", "pk": 1}, {"fields": {"latitude": -6.8621807, "modified_date": "2015-12-10", "name": "Jawa Barat", "longitude": 107.8584314, "created_date": "2015-12-10T11:55:13.257Z"}, "model": "region.location", "pk": 2}, {"fields": {"latitude": -6.2126031, "modified_date": "2015-12-10", "name": "DKI Jakarta", "longitude": 106.8621583, "created_date": "2015-12-10T11:55:13.394Z"}, "model": "region.location", "pk": 3}, {"fields": {"latitude": -7.2326172, "modified_date": "2015-12-10", "name": "Jawa Tengah", "longitude": 110.2919168, "created_date": "2015-12-10T11:55:13.407Z"}, "model": "region.location", "pk": 4}, {"fields": {"latitude": -7.616408, "modified_date": "2015-12-10", "name": "Pangandaran", "longitude": 108.4847802, "created_date": "2015-12-10T11:56:15.102Z"}, "model": "region.location", "pk": 5}, {"fields": {"latitude": -6.5905836, "modified_date": "2015-12-10", "name": "Bogor", "longitude": 106.809062, "created_date": "2015-12-10T12:29:33.468Z"}, "model": "region.location", "pk": 6}, {"fields": {"latitude": 0.073236, "modified_date": "2015-12-10", "name": "Sumatera", "longitude": 103.0714195, "created_date": "2015-12-10T13:01:48.486Z"}, "model": "region.location", "pk": 7}, {"fields": {"latitude": -4.851008, "modified_date": "2015-12-10", "name": "Lampung", "longitude": 105.40004288, "created_date": "2015-12-10T13:01:48.503Z"}, "model": "region.location", "pk": 8}, {"fields": {"latitude": -5.5015272, "modified_date": "2015-12-10", "name": "Pasawaran", "longitude": 105.0425902, "created_date": "2015-12-10T13:03:19.101Z"}, "model": "region.location", "pk": 9}, {"fields": {"latitude": -6.4034374, "modified_date": "2015-12-10", "name": "Banten", "longitude": 106.1507177, "created_date": "2015-12-10T13:20:24.011Z"}, "model": "region.location", "pk": 10}, {"fields": {"latitude": -6.1114511, "modified_date": "2015-12-10", "name": "Serang", "longitude": 106.1426131, "created_date": "2015-12-10T13:20:24.034Z"}, "model": "region.location", "pk": 11}, {"fields": {"latitude": -3.5004903, "modified_date": "2015-12-10", "name": "Papua", "longitude": 136.1773568, "created_date": "2015-12-10T13:43:18.440Z"}, "model": "region.location", "pk": 12}, {"fields": {"latitude": -1.1584077, "modified_date": "2015-12-10", "name": "Papua Barat", "longitude": 133.4676044, "created_date": "2015-12-10T13:43:40.650Z"}, "model": "region.location", "pk": 13}, {"fields": {"latitude": -0.2348497, "modified_date": "2015-12-10", "name": "Raja Ampat", "longitude": 130.8104873, "created_date": "2015-12-10T13:44:32.645Z"}, "model": "region.location", "pk": 14}, {"fields": {"latitude": -7.3611623, "modified_date": "2015-12-11", "name": "Wonosobo", "longitude": 109.9159522, "created_date": "2015-12-11T01:15:56.553Z"}, "model": "region.location", "pk": 15}, {"fields": {"latitude": -6.1835675, "modified_date": "2015-12-11", "name": "Jakarta Pusat", "longitude": 106.8343186, "created_date": "2015-12-11T02:38:10.019Z"}, "model": "region.location", "pk": 16}, {"fields": {}, "model": "region.region", "pk": 1}, {"fields": {}, "model": "region.region", "pk": 7}, {"fields": {}, "model": "region.region", "pk": 12}, {"fields": {"region": 1}, "model": "region.province", "pk": 2}, {"fields": {"region": 1}, "model": "region.province", "pk": 3}, {"fields": {"region": 1}, "model": "region.province", "pk": 4}, {"fields": {"region": 7}, "model": "region.province", "pk": 8}, {"fields": {"region": 1}, "model": "region.province", "pk": 10}, {"fields": {"region": 12}, "model": "region.province", "pk": 13}, {"fields": {"province": 2}, "model": "region.district", "pk": 5}, {"fields": {"province": 2}, "model": "region.district", "pk": 6}, {"fields": {"province": 8}, "model": "region.district", "pk": 9}, {"fields": {"province": 10}, "model": "region.district", "pk": 11}, {"fields": {"province": 13}, "model": "region.district", "pk": 14}, {"fields": {"province": 4}, "model": "region.district", "pk": 15}, {"fields": {"province": 3}, "model": "region.district", "pk": 16}, {"fields": {"modified_date": "2015-12-10", "tag": "thumb", "name": "greencanyon-thumb", "created_date": "2015-12-10T12:04:29.296Z"}, "model": "image.image", "pk": 1}, {"fields": {"modified_date": "2015-12-10", "tag": " Ngarai ini terbentuk dari erosi tanah akibat aliran sungai Cijulang selama jutaan tahun yang menembus gua dengan stalaktit dan stalakmit yang mempesona serta diapit oleh dua bukit dengan bebatuan dan rimbunnya pepohonan menyajikan atraksi alam yang khas dan menantang.", "name": "green-main1", "created_date": "2015-12-10T12:17:14.873Z"}, "model": "image.image", "pk": 2}, {"fields": {"modified_date": "2015-12-10", "tag": "Di mulut gua terdapat air terjun Palatar sehingga suasana di objek wisata ini terasa begitu sejuk.", "name": "green-main2", "created_date": "2015-12-10T12:19:46.407Z"}, "model": "image.image", "pk": 3}, {"fields": {"modified_date": "2015-12-10", "tag": "", "name": "green-canyon-gallery1", "created_date": "2015-12-10T12:19:46.443Z"}, "model": "image.image", "pk": 4}, {"fields": {"modified_date": "2015-12-10", "tag": "", "name": "sentul-thumb", "created_date": "2015-12-10T12:49:56.567Z"}, "model": "image.image", "pk": 5}, {"fields": {"modified_date": "2015-12-10", "tag": "Sentul International Circuit is a permanent motor racing circuit located in Babakan Madang, Bogor. Away from the Toll Gate of Jakarta towards Bogor, Indonesia.", "name": "sentul-main1", "created_date": "2015-12-10T12:51:27.310Z"}, "model": "image.image", "pk": 6}, {"fields": {"modified_date": "2015-12-10", "tag": "", "name": "sentul-main2", "created_date": "2015-12-10T12:51:27.436Z"}, "model": "image.image", "pk": 7}, {"fields": {"modified_date": "2015-12-10", "tag": "", "name": "pahawang-thumb", "created_date": "2015-12-10T13:08:06.328Z"}, "model": "image.image", "pk": 8}, {"fields": {"modified_date": "2015-12-10", "tag": "", "name": "pahawang-main1", "created_date": "2015-12-10T13:09:20.451Z"}, "model": "image.image", "pk": 9}, {"fields": {"modified_date": "2015-12-10", "tag": "", "name": "pahawang-main2", "created_date": "2015-12-10T13:09:20.466Z"}, "model": "image.image", "pk": 10}, {"fields": {"modified_date": "2015-12-10", "tag": "", "name": "sangiang-thumb", "created_date": "2015-12-10T13:27:54.708Z"}, "model": "image.image", "pk": 11}, {"fields": {"modified_date": "2015-12-10", "tag": "", "name": "sangiang-main1", "created_date": "2015-12-10T13:28:17.181Z"}, "model": "image.image", "pk": 12}, {"fields": {"modified_date": "2015-12-10", "tag": "", "name": "sangiang-main2", "created_date": "2015-12-10T13:28:17.218Z"}, "model": "image.image", "pk": 13}, {"fields": {"modified_date": "2015-12-11", "tag": "", "name": "rajaampat-thumb", "created_date": "2015-12-10T13:45:22.025Z"}, "model": "image.image", "pk": 14}, {"fields": {"modified_date": "2015-12-11", "tag": "Last Paradise on Earth - \r\nIt is really not easy to find the right phrases to describe the beauty. The scenery of Raja Ampat is a natural view which will make your heart tremble, your breath stuck and your skin goose bumps when you look at it.", "name": "rajampat-main2", "created_date": "2015-12-10T13:48:51.546Z"}, "model": "image.image", "pk": 16}, {"fields": {"modified_date": "2015-12-11", "tag": "Raja Ampat is a tour destination for all reasons to visit. From the highest point in the sky down to the ocean floor, Raja Ampat has the fascinating beauty for everyone. If there is a tour destination you must visit at least once in a lifetime, Raja Ampat is one of them", "name": "rajampat-main3", "created_date": "2015-12-10T13:48:51.595Z"}, "model": "image.image", "pk": 17}, {"fields": {"modified_date": "2015-12-11", "tag": "", "name": "rajamapat-main1", "created_date": "2015-12-11T00:39:25.742Z"}, "model": "image.image", "pk": 18}, {"fields": {"modified_date": "2015-12-11", "tag": "Pecinta wisata bawah laut dari seluruh dunia datang ke Raja Ampat untuk menikmati pemandangan bawah laut terbaik yang mengagumkan.", "name": "raja-main4", "created_date": "2015-12-11T00:51:23.820Z"}, "model": "image.image", "pk": 19}, {"fields": {"modified_date": "2015-12-11", "tag": "", "name": "dieng-thumb", "created_date": "2015-12-11T01:17:24.966Z"}, "model": "image.image", "pk": 20}, {"fields": {"modified_date": "2015-12-11", "tag": "Keindahan pemandangan alam kawasan Dieng telah banyak memukau wisatawan yang datang dan memberi kesan mendalam secara pribadi. Mulai dari danau-danau berwarna hijau dan kuning, airnya yang jernih dapat menjadi cermin, keindahan alam kawasan ini sungguh luar biasa.", "name": "dieng-main1", "created_date": "2015-12-11T01:26:06.705Z"}, "model": "image.image", "pk": 21}, {"fields": {"modified_date": "2015-12-11", "tag": "Datanglah ke dataran tinggi Dieng untuk melihat matahari saat terbit dan terbenam dengan warna keemasan dan keperakan yang luar biasa. Sunrise yang indah ini merupakan fenomena alam yang unik dan mengagumkan  apalagi bila Anda melihatnya dari atas candi.", "name": "Dieng-main2", "created_date": "2015-12-11T01:26:06.738Z"}, "model": "image.image", "pk": 22}, {"fields": {"modified_date": "2015-12-11", "tag": "Di tempat ini Anda dapat melihat candi bercorak Hindu dengan arsitektur yang indah dan unik.", "name": "dieng-main3", "created_date": "2015-12-11T01:26:06.751Z"}, "model": "image.image", "pk": 23}, {"fields": {"modified_date": "2015-12-11", "tag": "", "name": "monas-thumb", "created_date": "2015-12-11T02:39:49.982Z"}, "model": "image.image", "pk": 24}, {"fields": {"modified_date": "2015-12-11", "tag": "Inilah monumen yang telah menjadi ikonnya kota Jakarta sekaligus juga pengenang perjuangan rakyat Indonesia dalam merebut kemerdekaan dari belenggu penjajahan. Berlokasi di Lapangan Monas, Jakarta Pusat, Monumen Nasional atau sering disebut Monas didirikan tahun 1959 namun baru diresmikan pada 17 Agustus 1961.", "name": "monas-main1", "created_date": "2015-12-11T02:43:50.580Z"}, "model": "image.image", "pk": 25}, {"fields": {"modified_date": "2015-12-11", "tag": "Emas di bagian pucuk Monas adalah sumbangan seorang pengusaha pribumi asal Aceh yaitu Teuku Markam. emas tersebut diambil dari tambang yang berloksi di Lebong, Provinsi Bengkulu. Sebelumnya Pemerintah Hindia Belanda menjadikan Bengkulu sebagai tambang emas dan menyebutnya sebagai Batavia II. Sumber lain menyebut bahwa Kerajaan Belanda saat itu menukar Singapura yang dikuasainya dengan Bengkulu kepada Kerajaan Inggris karena alasan tambang emas di Bengkulu.", "name": "monas-main2", "created_date": "2015-12-11T02:43:50.594Z"}, "model": "image.image", "pk": 26}, {"fields": {"travel_destination_content": null, "image": "travel_destination_images/green-canyon-6.jpg", "travel_destination": null, "type": "thumbnail"}, "model": "image.traveldestinationimage", "pk": 1}, {"fields": {"travel_destination_content": null, "image": "travel_destination_images/awesome-green-anyon-with-green-of-the-plant-and-blue-water.jpg", "travel_destination": 1, "type": "main"}, "model": "image.traveldestinationimage", "pk": 2}, {"fields": {"travel_destination_content": null, "image": "travel_destination_images/stock-photo-32647169.jpg", "travel_destination": 1, "type": "main"}, "model": "image.traveldestinationimage", "pk": 3}, {"fields": {"travel_destination_content": null, "image": "travel_destination_images/16-green-canyon-22_1.jpg", "travel_destination": 1, "type": "gallery"}, "model": "image.traveldestinationimage", "pk": 4}, {"fields": {"travel_destination_content": null, "image": "travel_destination_images/sentul-circuit-2015-10.jpg", "travel_destination": null, "type": "thumbnail"}, "model": "image.traveldestinationimage", "pk": 5}, {"fields": {"travel_destination_content": null, "image": "travel_destination_images/2014_Lamborghini_Blancpain_Super_Trofeo_Asia_Series_Sentul_Sto_22Mn4FY.JPG", "travel_destination": 2, "type": "main"}, "model": "image.traveldestinationimage", "pk": 6}, {"fields": {"travel_destination_content": null, "image": "travel_destination_images/sentul1.jpg", "travel_destination": 2, "type": "main"}, "model": "image.traveldestinationimage", "pk": 7}, {"fields": {"travel_destination_content": null, "image": "travel_destination_images/Pulau-Pahawang.png", "travel_destination": null, "type": "thumbnail"}, "model": "image.traveldestinationimage", "pk": 8}, {"fields": {"travel_destination_content": null, "image": "travel_destination_images/maxresdefault_1_i67f9eq.jpg", "travel_destination": 3, "type": "main"}, "model": "image.traveldestinationimage", "pk": 9}, {"fields": {"travel_destination_content": null, "image": "travel_destination_images/pahawang-besar_pOGC1jk.jpg", "travel_destination": 3, "type": "main"}, "model": "image.traveldestinationimage", "pk": 10}, {"fields": {"travel_destination_content": null, "image": "travel_destination_images/tanjung-harapan.jpg", "travel_destination": null, "type": "thumbnail"}, "model": "image.traveldestinationimage", "pk": 11}, {"fields": {"travel_destination_content": null, "image": "travel_destination_images/DSCN1575.JPG", "travel_destination": 4, "type": "main"}, "model": "image.traveldestinationimage", "pk": 12}, {"fields": {"travel_destination_content": null, "image": "travel_destination_images/395577_228756473876439_693993003_n_1.jpg", "travel_destination": 4, "type": "main"}, "model": "image.traveldestinationimage", "pk": 13}, {"fields": {"travel_destination_content": null, "image": "travel_destination_images/130127012_L4osyl2.jpg", "travel_destination": null, "type": "thumbnail"}, "model": "image.traveldestinationimage", "pk": 14}, {"fields": {"travel_destination_content": null, "image": "travel_destination_images/V3yhnCO_1_RYyE0SO.jpg", "travel_destination": 5, "type": "main"}, "model": "image.traveldestinationimage", "pk": 16}, {"fields": {"travel_destination_content": null, "image": "travel_destination_images/raja-ampat-6_llp2dSB.jpg", "travel_destination": 5, "type": "main"}, "model": "image.traveldestinationimage", "pk": 17}, {"fields": {"travel_destination_content": null, "image": "travel_destination_images/Resort-Raja-Ampat-Papua_Rzs3m0e.jpg", "travel_destination": 5, "type": "main"}, "model": "image.traveldestinationimage", "pk": 18}, {"fields": {"travel_destination_content": null, "image": "travel_destination_images/raja-reefs.jpg", "travel_destination": 5, "type": "main"}, "model": "image.traveldestinationimage", "pk": 19}, {"fields": {"travel_destination_content": null, "image": "travel_destination_images/Dieng_Prasetyo-Nurramdhan.jpg", "travel_destination": null, "type": "thumbnail"}, "model": "image.traveldestinationimage", "pk": 20}, {"fields": {"travel_destination_content": null, "image": "travel_destination_images/559433496_xDDCewh.jpg", "travel_destination": 6, "type": "main"}, "model": "image.traveldestinationimage", "pk": 21}, {"fields": {"travel_destination_content": null, "image": "travel_destination_images/golden-sunrise-sikunir-dieng-plateau-jawa-tengah_1.jpg", "travel_destination": 6, "type": "main"}, "model": "image.traveldestinationimage", "pk": 22}, {"fields": {"travel_destination_content": null, "image": "travel_destination_images/Complex_of_Candi_Arjuna.jpg", "travel_destination": 6, "type": "main"}, "model": "image.traveldestinationimage", "pk": 23}, {"fields": {"travel_destination_content": null, "image": "travel_destination_images/D2014May24120326DJI00049.JPG2014Monumen_Nasional-Monas.jpg", "travel_destination": null, "type": "thumbnail"}, "model": "image.traveldestinationimage", "pk": 24}, {"fields": {"travel_destination_content": null, "image": "travel_destination_images/Monas-Steril-PKL-110714-VYT-2.jpg", "travel_destination": 7, "type": "main"}, "model": "image.traveldestinationimage", "pk": 25}, {"fields": {"travel_destination_content": null, "image": "travel_destination_images/Jakarta-Panorama.jpg", "travel_destination": 7, "type": "main"}, "model": "image.traveldestinationimage", "pk": 26}, {"fields": {"modified_date": "2015-12-10", "article_list_image": "", "article_list_tagline": "", "video_start": 0, "video": "", "created_date": "2015-12-10T12:32:51.348Z", "travel_destination_list_image": "page_images/pulau_balicropped.jpg"}, "model": "pages.page", "pk": 1}, {"fields": {"website": "http://bus-gapuraningrahayu.blogspot.co.id/", "modified_date": "2015-12-10", "description": "Gapuraning Rahayu dimulai sejak era tahun 70an dengan bentuk perusahaan bergerak dalam bidang jasa expedisi berupa angkutan barang mengunakan truk.\r\n\r\nLambat laun dari jasa expedisi mulai dirintis jasa angkutan umum menggunakan mini bus dan micro bus sampai era tahun 1976.", "image": "transportation_images/download.jpg", "districts": [5, 6], "created_date": "2015-12-10T12:28:14.949Z", "name": "Gapuraning Rahayu"}, "model": "transportation.transportation", "pk": 1}, {"fields": {"action_flag": 1, "action_time": "2015-12-10T11:54:12.001Z", "object_repr": "Jawa", "object_id": "1", "change_message": "", "user": 1, "content_type": 24}, "model": "admin.logentry", "pk": 1}, {"fields": {"action_flag": 2, "action_time": "2015-12-10T11:55:13.552Z", "object_repr": "Jawa", "object_id": "1", "change_message": "Added Provinsi \"Jawa Barat\". Added Provinsi \"DKI Jakarta\". Added Provinsi \"Jawa Tengah\".", "user": 1, "content_type": 24}, "model": "admin.logentry", "pk": 2}, {"fields": {"action_flag": 2, "action_time": "2015-12-10T11:56:15.132Z", "object_repr": "Jawa Barat", "object_id": "2", "change_message": "Added Kabupaten \"Pangandaran\".", "user": 1, "content_type": 25}, "model": "admin.logentry", "pk": 3}, {"fields": {"action_flag": 1, "action_time": "2015-12-10T12:04:29.395Z", "object_repr": "greencanyon-thumb", "object_id": "1", "change_message": "", "user": 1, "content_type": 29}, "model": "admin.logentry", "pk": 4}, {"fields": {"action_flag": 1, "action_time": "2015-12-10T12:04:32.151Z", "object_repr": "Green Canyon", "object_id": "1", "change_message": "", "user": 1, "content_type": 19}, "model": "admin.logentry", "pk": 5}, {"fields": {"action_flag": 2, "action_time": "2015-12-10T12:05:02.162Z", "object_repr": "Green Canyon", "object_id": "1", "change_message": "Changed full_description and short_description.", "user": 1, "content_type": 19}, "model": "admin.logentry", "pk": 6}, {"fields": {"action_flag": 2, "action_time": "2015-12-10T12:12:49.147Z", "object_repr": "Green Canyon", "object_id": "1", "change_message": "Added Konten Lokasi Wisata \"Kuliner\". Added Konten Lokasi Wisata \"Kegiatan\". Added Konten Lokasi Wisata \"Tips\".", "user": 1, "content_type": 19}, "model": "admin.logentry", "pk": 7}, {"fields": {"action_flag": 2, "action_time": "2015-12-10T12:15:10.569Z", "object_repr": "Green Canyon", "object_id": "1", "change_message": "Changed content for Konten Lokasi Wisata \"Tips\".", "user": 1, "content_type": 19}, "model": "admin.logentry", "pk": 8}, {"fields": {"action_flag": 2, "action_time": "2015-12-10T12:17:15.055Z", "object_repr": "Green Canyon", "object_id": "1", "change_message": "Added Foto Lokasi Wisata \"green-main1\".", "user": 1, "content_type": 19}, "model": "admin.logentry", "pk": 9}, {"fields": {"action_flag": 2, "action_time": "2015-12-10T12:19:46.578Z", "object_repr": "Green Canyon", "object_id": "1", "change_message": "Added Foto Lokasi Wisata \"green-main2\". Added Foto Lokasi Wisata \"green-canyon-gallery1\".", "user": 1, "content_type": 19}, "model": "admin.logentry", "pk": 10}, {"fields": {"action_flag": 2, "action_time": "2015-12-10T12:21:46.120Z", "object_repr": "Green Canyon", "object_id": "1", "change_message": "Changed short_description.", "user": 1, "content_type": 19}, "model": "admin.logentry", "pk": 11}, {"fields": {"action_flag": 1, "action_time": "2015-12-10T12:28:15.085Z", "object_repr": "Gapuraning Rahayu", "object_id": "1", "change_message": "", "user": 1, "content_type": 35}, "model": "admin.logentry", "pk": 12}, {"fields": {"action_flag": 1, "action_time": "2015-12-10T12:29:33.574Z", "object_repr": "Bogor", "object_id": "6", "change_message": "", "user": 1, "content_type": 26}, "model": "admin.logentry", "pk": 13}, {"fields": {"action_flag": 2, "action_time": "2015-12-10T12:29:47.430Z", "object_repr": "Gapuraning Rahayu", "object_id": "1", "change_message": "Changed districts.", "user": 1, "content_type": 35}, "model": "admin.logentry", "pk": 14}, {"fields": {"action_flag": 1, "action_time": "2015-12-10T12:32:51.389Z", "object_repr": "Pengaturan", "object_id": "1", "change_message": "", "user": 1, "content_type": 31}, "model": "admin.logentry", "pk": 15}, {"fields": {"action_flag": 2, "action_time": "2015-12-10T12:41:20.837Z", "object_repr": "Pengaturan", "object_id": "1", "change_message": "Changed travel_destination_list_image.", "user": 1, "content_type": 31}, "model": "admin.logentry", "pk": 16}, {"fields": {"action_flag": 1, "action_time": "2015-12-10T12:49:56.606Z", "object_repr": "sentul-thumb", "object_id": "5", "change_message": "", "user": 1, "content_type": 29}, "model": "admin.logentry", "pk": 17}, {"fields": {"action_flag": 1, "action_time": "2015-12-10T12:49:59.008Z", "object_repr": "Sirkuit Internasional Sentul", "object_id": "2", "change_message": "", "user": 1, "content_type": 19}, "model": "admin.logentry", "pk": 18}, {"fields": {"action_flag": 2, "action_time": "2015-12-10T12:51:27.508Z", "object_repr": "Sirkuit Internasional Sentul", "object_id": "2", "change_message": "Added Foto Lokasi Wisata \"sentul-main1\". Added Foto Lokasi Wisata \"sentul-main2\".", "user": 1, "content_type": 19}, "model": "admin.logentry", "pk": 19}, {"fields": {"action_flag": 2, "action_time": "2015-12-10T12:53:08.295Z", "object_repr": "Sirkuit Internasional Sentul", "object_id": "2", "change_message": "No fields changed.", "user": 1, "content_type": 19}, "model": "admin.logentry", "pk": 20}, {"fields": {"action_flag": 2, "action_time": "2015-12-10T12:54:04.760Z", "object_repr": "Sirkuit Internasional Sentul", "object_id": "2", "change_message": "Changed type.", "user": 1, "content_type": 19}, "model": "admin.logentry", "pk": 21}, {"fields": {"action_flag": 1, "action_time": "2015-12-10T13:01:48.585Z", "object_repr": "Sumatera", "object_id": "7", "change_message": "", "user": 1, "content_type": 24}, "model": "admin.logentry", "pk": 22}, {"fields": {"action_flag": 1, "action_time": "2015-12-10T13:03:19.148Z", "object_repr": "Pasawaran", "object_id": "9", "change_message": "", "user": 1, "content_type": 26}, "model": "admin.logentry", "pk": 23}, {"fields": {"action_flag": 1, "action_time": "2015-12-10T13:08:06.440Z", "object_repr": "pahawang-thumb", "object_id": "8", "change_message": "", "user": 1, "content_type": 29}, "model": "admin.logentry", "pk": 24}, {"fields": {"action_flag": 1, "action_time": "2015-12-10T13:09:20.490Z", "object_repr": "Pulau Pahawang", "object_id": "3", "change_message": "", "user": 1, "content_type": 19}, "model": "admin.logentry", "pk": 25}, {"fields": {"action_flag": 2, "action_time": "2015-12-10T13:12:39.273Z", "object_repr": "Sirkuit Internasional Sentul", "object_id": "2", "change_message": "Changed image for Foto Lokasi Wisata \"sentul-main1\".", "user": 1, "content_type": 19}, "model": "admin.logentry", "pk": 26}, {"fields": {"action_flag": 2, "action_time": "2015-12-10T13:17:06.169Z", "object_repr": "Sirkuit Internasional Sentul", "object_id": "2", "change_message": "Changed type.", "user": 1, "content_type": 19}, "model": "admin.logentry", "pk": 27}, {"fields": {"action_flag": 2, "action_time": "2015-12-10T13:18:41.446Z", "object_repr": "Pulau Pahawang", "object_id": "3", "change_message": "Changed image for Foto Lokasi Wisata \"pahawang-main1\". Changed image for Foto Lokasi Wisata \"pahawang-main2\".", "user": 1, "content_type": 19}, "model": "admin.logentry", "pk": 28}, {"fields": {"action_flag": 1, "action_time": "2015-12-10T13:20:24.099Z", "object_repr": "Banten", "object_id": "10", "change_message": "", "user": 1, "content_type": 25}, "model": "admin.logentry", "pk": 29}, {"fields": {"action_flag": 1, "action_time": "2015-12-10T13:27:54.811Z", "object_repr": "sangiang-thumb", "object_id": "11", "change_message": "", "user": 1, "content_type": 29}, "model": "admin.logentry", "pk": 30}, {"fields": {"action_flag": 1, "action_time": "2015-12-10T13:28:17.247Z", "object_repr": "Pulau Sangiang", "object_id": "4", "change_message": "", "user": 1, "content_type": 19}, "model": "admin.logentry", "pk": 31}, {"fields": {"action_flag": 2, "action_time": "2015-12-10T13:31:02.576Z", "object_repr": "Pulau Sangiang", "object_id": "4", "change_message": "Changed image for Foto Lokasi Wisata \"sangiang-main1\".", "user": 1, "content_type": 19}, "model": "admin.logentry", "pk": 32}, {"fields": {"action_flag": 1, "action_time": "2015-12-10T13:43:18.494Z", "object_repr": "Papua", "object_id": "12", "change_message": "", "user": 1, "content_type": 24}, "model": "admin.logentry", "pk": 33}, {"fields": {"action_flag": 1, "action_time": "2015-12-10T13:43:40.691Z", "object_repr": "Papua Barat", "object_id": "13", "change_message": "", "user": 1, "content_type": 25}, "model": "admin.logentry", "pk": 34}, {"fields": {"action_flag": 1, "action_time": "2015-12-10T13:44:32.784Z", "object_repr": "Raja Ampat", "object_id": "14", "change_message": "", "user": 1, "content_type": 26}, "model": "admin.logentry", "pk": 35}, {"fields": {"action_flag": 1, "action_time": "2015-12-10T13:45:22.159Z", "object_repr": "rajaampat-thumb", "object_id": "14", "change_message": "", "user": 1, "content_type": 29}, "model": "admin.logentry", "pk": 36}, {"fields": {"action_flag": 1, "action_time": "2015-12-10T13:46:26.783Z", "object_repr": "Raja Ampat", "object_id": "5", "change_message": "", "user": 1, "content_type": 19}, "model": "admin.logentry", "pk": 37}, {"fields": {"action_flag": 2, "action_time": "2015-12-10T13:48:00.203Z", "object_repr": "Raja Ampat", "object_id": "5", "change_message": "Changed full_description.", "user": 1, "content_type": 19}, "model": "admin.logentry", "pk": 38}, {"fields": {"action_flag": 2, "action_time": "2015-12-10T13:48:51.707Z", "object_repr": "Raja Ampat", "object_id": "5", "change_message": "Added Foto Lokasi Wisata \"rajamapt-main1\". Added Foto Lokasi Wisata \"rajampat-main2\". Added Foto Lokasi Wisata \"rajampat-main3\".", "user": 1, "content_type": 19}, "model": "admin.logentry", "pk": 39}, {"fields": {"action_flag": 2, "action_time": "2015-12-10T13:50:23.533Z", "object_repr": "Raja Ampat", "object_id": "5", "change_message": "Changed latitude and longitude.", "user": 1, "content_type": 19}, "model": "admin.logentry", "pk": 40}, {"fields": {"action_flag": 2, "action_time": "2015-12-10T14:17:50.149Z", "object_repr": "www.pythonified.com", "object_id": "1", "change_message": "Changed domain.", "user": 1, "content_type": 5}, "model": "admin.logentry", "pk": 41}, {"fields": {"action_flag": 1, "action_time": "2015-12-10T14:18:23.876Z", "object_repr": "facebook", "object_id": "1", "change_message": "", "user": 1, "content_type": 13}, "model": "admin.logentry", "pk": 42}, {"fields": {"action_flag": 2, "action_time": "2015-12-11T00:09:38.464Z", "object_repr": "rajaampat-thumb", "object_id": "14", "change_message": "Changed image.", "user": 1, "content_type": 29}, "model": "admin.logentry", "pk": 43}, {"fields": {"action_flag": 2, "action_time": "2015-12-11T00:37:01.878Z", "object_repr": "Raja Ampat", "object_id": "5", "change_message": "Changed full_description.", "user": 1, "content_type": 19}, "model": "admin.logentry", "pk": 44}, {"fields": {"action_flag": 2, "action_time": "2015-12-11T00:37:22.753Z", "object_repr": "Raja Ampat", "object_id": "5", "change_message": "Changed full_description.", "user": 1, "content_type": 19}, "model": "admin.logentry", "pk": 45}, {"fields": {"action_flag": 2, "action_time": "2015-12-11T00:39:03.997Z", "object_repr": "Raja Ampat", "object_id": "5", "change_message": "Changed tag for Foto Lokasi Wisata \"rajampat-main2\". Deleted Foto Lokasi Wisata \"rajamapt-main1\".", "user": 1, "content_type": 19}, "model": "admin.logentry", "pk": 46}, {"fields": {"action_flag": 2, "action_time": "2015-12-11T00:39:25.761Z", "object_repr": "Raja Ampat", "object_id": "5", "change_message": "Added Foto Lokasi Wisata \"rajamapat-main1\".", "user": 1, "content_type": 19}, "model": "admin.logentry", "pk": 47}, {"fields": {"action_flag": 2, "action_time": "2015-12-11T00:40:02.010Z", "object_repr": "Raja Ampat", "object_id": "5", "change_message": "Changed tag for Foto Lokasi Wisata \"rajampat-main2\".", "user": 1, "content_type": 19}, "model": "admin.logentry", "pk": 48}, {"fields": {"action_flag": 2, "action_time": "2015-12-11T00:51:23.906Z", "object_repr": "Raja Ampat", "object_id": "5", "change_message": "Added Foto Lokasi Wisata \"raja-main4\". Changed image for Foto Lokasi Wisata \"rajampat-main3\".", "user": 1, "content_type": 19}, "model": "admin.logentry", "pk": 49}, {"fields": {"action_flag": 2, "action_time": "2015-12-11T00:53:32.130Z", "object_repr": "Raja Ampat", "object_id": "5", "change_message": "Changed image for Foto Lokasi Wisata \"rajampat-main2\". Changed image for Foto Lokasi Wisata \"rajampat-main3\".", "user": 1, "content_type": 19}, "model": "admin.logentry", "pk": 50}, {"fields": {"action_flag": 2, "action_time": "2015-12-11T00:54:19.604Z", "object_repr": "Raja Ampat", "object_id": "5", "change_message": "Changed image for Foto Lokasi Wisata \"rajamapat-main1\".", "user": 1, "content_type": 19}, "model": "admin.logentry", "pk": 51}, {"fields": {"action_flag": 2, "action_time": "2015-12-11T00:55:31.353Z", "object_repr": "Raja Ampat", "object_id": "5", "change_message": "Changed image for Foto Lokasi Wisata \"rajamapat-main1\".", "user": 1, "content_type": 19}, "model": "admin.logentry", "pk": 52}, {"fields": {"action_flag": 2, "action_time": "2015-12-11T00:58:30.065Z", "object_repr": "Raja Ampat", "object_id": "5", "change_message": "Changed tag for Foto Lokasi Wisata \"rajampat-main3\". Changed tag for Foto Lokasi Wisata \"raja-main4\".", "user": 1, "content_type": 19}, "model": "admin.logentry", "pk": 53}, {"fields": {"action_flag": 2, "action_time": "2015-12-11T00:59:07.082Z", "object_repr": "Raja Ampat", "object_id": "5", "change_message": "Added Konten Lokasi Wisata \"Kegiatan\".", "user": 1, "content_type": 19}, "model": "admin.logentry", "pk": 54}, {"fields": {"action_flag": 1, "action_time": "2015-12-11T01:15:56.595Z", "object_repr": "Wonosobo", "object_id": "15", "change_message": "", "user": 1, "content_type": 26}, "model": "admin.logentry", "pk": 55}, {"fields": {"action_flag": 1, "action_time": "2015-12-11T01:17:25.152Z", "object_repr": "dieng-thumb", "object_id": "20", "change_message": "", "user": 1, "content_type": 29}, "model": "admin.logentry", "pk": 56}, {"fields": {"action_flag": 1, "action_time": "2015-12-11T01:26:06.838Z", "object_repr": "Dieng", "object_id": "6", "change_message": "", "user": 1, "content_type": 19}, "model": "admin.logentry", "pk": 57}, {"fields": {"action_flag": 2, "action_time": "2015-12-11T01:28:46.002Z", "object_repr": "Dieng", "object_id": "6", "change_message": "Changed image for Foto Lokasi Wisata \"dieng-main1\".", "user": 1, "content_type": 19}, "model": "admin.logentry", "pk": 58}, {"fields": {"action_flag": 2, "action_time": "2015-12-11T02:13:57.397Z", "object_repr": "Dieng", "object_id": "6", "change_message": "No fields changed.", "user": 1, "content_type": 19}, "model": "admin.logentry", "pk": 59}, {"fields": {"action_flag": 1, "action_time": "2015-12-11T02:38:10.044Z", "object_repr": "Jakarta Pusat", "object_id": "16", "change_message": "", "user": 1, "content_type": 26}, "model": "admin.logentry", "pk": 60}, {"fields": {"action_flag": 1, "action_time": "2015-12-11T02:39:49.996Z", "object_repr": "monas-thumb", "object_id": "24", "change_message": "", "user": 1, "content_type": 29}, "model": "admin.logentry", "pk": 61}, {"fields": {"action_flag": 1, "action_time": "2015-12-11T02:43:50.609Z", "object_repr": "Monumen Nasional", "object_id": "7", "change_message": "", "user": 1, "content_type": 19}, "model": "admin.logentry", "pk": 62}]